STITCH_CID,CID
CID000010917,10917
CID000000119,119
CID000000137,137
CID000000143,143
CID000006006,6006
CID000149436,149436
CID000444412,444412
CID005280360,5280360
CID005282411,5282411
CID005280363,5280363
CID000000175,175
CID000000187,187
CID000060961,60961
CID000000206,206
CID000066370,66370
CID005280723,5280723
CID006433212,6433212
CID000000222,222
CID000006322,6322
CID000000244,244
CID000000247,247
CID000000271,271
CID000000297,297
CID000005959,5959
CID000221493,221493
CID000449688,449688
CID000000311,311
CID000000312,312
CID000000338,338
CID000006234,6234
CID000000444,444
CID000005757,5757
CID000005780,5780
CID000006251,6251
CID000000564,564
CID000012035,12035
CID000006252,6252
CID000000598,598
CID000000612,612
CID000000679,679
CID000000681,681
CID000005870,5870
CID003001028,3001028
CID000000700,700
CID000000727,727
CID000005961,5961
CID000000750,750
CID000000753,753
CID000000767,767
CID000000772,772
CID000000774,774
CID000000785,785
CID000000813,813
CID000006032,6032
CID000005815,5815
CID000005819,5819
CID000005920,5920
CID000000888,888
CID000000896,896
CID000000923,923
CID000000937,937
CID000000942,942
CID000089594,89594
CID000000946,946
CID000000948,948
CID000439260,439260
CID000000961,961
CID000001003,1003
CID000001046,1046
CID000001054,1054
CID000005768,5768
CID000008549,8549
CID000091429,91429
CID000445354,445354
CID000001084,1084
CID000001125,1125
CID000044257,44257
CID000001130,1130
CID000159269,159269
CID000010836,10836
CID000156391,156391
CID000020279,20279
CID000031703,31703
CID000032874,32874
CID000041867,41867
CID000001727,1727
CID000001775,1775
CID000004100,4100
CID000009444,9444
CID000016923,16923
CID000065139,65139
CID000441300,441300
CID005280965,5280965
CID005386092,5386092
CID000001978,1978
CID000001983,1983
CID000001986,1986
CID000001990,1990
CID000001993,1993
CID000002019,2019
CID000015541,15541
CID000002022,2022
CID000002082,2082
CID000002083,2083
CID000123600,123600
CID000636374,636374
CID000002088,2088
CID000002092,2092
CID000002094,2094
CID000002099,2099
CID000002118,2118
CID000002123,2123
CID000002130,2130
CID000443958,443958
CID000002140,2140
CID000002141,2141
CID000037768,37768
CID000002145,2145
CID000002148,2148
CID000002153,2153
CID000002156,2156
CID000002159,2159
CID000002160,2160
CID000002161,2161
CID000002162,2162
CID000002163,2163
CID000054259,54259
CID000002170,2170
CID000033613,33613
CID000006249,6249
CID000065016,65016
CID000002179,2179
CID000002182,2182
CID000002187,2187
CID000006005,6005
CID000002216,2216
CID000092721,92721
CID000002244,2244
CID000002249,2249
CID000060822,60822
CID000002265,2265
CID000002266,2266
CID000002267,2267
CID000447043,447043
CID005742832,5742832
CID000002284,2284
CID000021700,21700
CID000020469,20469
CID005362123,5362123
CID000002315,2315
CID000002337,2337
CID000002341,2341
CID000006832,6832
CID000002345,2345
CID000002349,2349
CID000005904,5904
CID000164522,164522
CID000002351,2351
CID000002366,2366
CID000009400,9400
CID000002369,2369
CID000060656,60656
CID000002370,2370
CID000002375,2375
CID000002391,2391
CID000002405,2405
CID000002431,2431
CID000002435,2435
CID000002441,2441
CID000002442,2442
CID000031100,31100
CID000002462,2462
CID005281004,5281004
CID000002471,2471
CID000002474,2474
CID000092253,92253
CID006321408,6321408
CID000002477,2477
CID000002478,2478
CID000002479,2479
CID000002484,2484
CID005361092,5361092
CID000054746,54746
CID000002519,2519
CID000002520,2520
CID005288783,5288783
CID006436131,6436131
CID005280453,5280453
CID000002540,2540
CID000002541,2541
CID003032400,3032400
CID001548943,1548943
CID000044093,44093
CID000002551,2551
CID000002554,2554
CID000020824,20824
CID000034359,34359
CID000002564,2564
CID000002576,2576
CID000002578,2578
CID000002583,2583
CID000002585,2585
CID000051038,51038
CID000002610,2610
CID000047964,47964
CID000002617,2617
CID000033255,33255
CID005479537,5479537
CID005742673,5742673
CID006540461,6540461
CID000441199,441199
CID005281006,5281006
CID005362051,5362051
CID005481173,5481173
CID005282241,5282241
CID006533629,6533629
CID005479530,5479530
CID005479529,5479529
CID000002662,2662
CID000002663,2663
CID000027447,27447
CID005362065,5362065
CID006321411,6321411
CID000446156,446156
CID000002678,2678
CID001548999,1548999
CID000083898,83898
CID000002708,2708
CID000002712,2712
CID009552079,9552079
CID000002719,2719
CID000002720,2720
CID000002725,2725
CID000033036,33036
CID000002726,2726
CID000002727,2727
CID000002732,2732
CID000002733,2733
CID000002749,2749
CID000056329,56329
CID000002754,2754
CID000002756,2756
CID000002762,2762
CID000002764,2764
CID000002767,2767
CID000002771,2771
CID000146570,146570
CID000026986,26986
CID000029029,29029
CID000002789,2789
CID000032798,32798
CID000071386,71386
CID000002794,2794
CID001548952,1548952
CID001548954,1548954
CID000002801,2801
CID000002802,2802
CID000002803,2803
CID000060606,60606
CID000002809,2809
CID000002812,2812
CID000002818,2818
CID000446220,446220
CID005284371,5284371
CID000006167,6167
CID000002881,2881
CID000688020,688020
CID005311498,5311498
CID000002895,2895
CID000002905,2905
CID000002907,2907
CID005280754,5280754
CID000002913,2913
CID000009880,9880
CID000028417,28417
CID006604100,6604100
CID000002955,2955
CID000030323,30323
CID000002972,2972
CID000002973,2973
CID000016078,16078
CID000002995,2995
CID000009793,9793
CID005311067,5311067
CID000005743,5743
CID000009782,9782
CID000003007,3007
CID000005825,5825
CID005360696,5360696
CID000003009,3009
CID005284537,5284537
CID000003016,3016
CID000003019,3019
CID000003032,3032
CID000003038,3038
CID000018381,18381
CID000003042,3042
CID000003043,3043
CID000050599,50599
CID000003053,3053
CID000071414,71414
CID000003059,3059
CID000443936,443936
CID002724385,2724385
CID005284543,5284543
CID000010531,10531
CID000039186,39186
CID000003080,3080
CID000003100,3100
CID000003105,3105
CID000003108,3108
CID000003114,3114
CID000003117,3117
CID000003121,3121
CID000441350,441350
CID000064780,64780
CID000148123,148123
CID014476155,14476155
CID000003151,3151
CID000003152,3152
CID000003154,3154
CID005284549,5284549
CID005282425,5282425
CID000003156,3156
CID000003157,3157
CID000003158,3158
CID000667477,667477
CID000003168,3168
CID000092974,92974
CID000003182,3182
CID000003198,3198
CID000108150,108150
CID000003202,3202
CID000064139,64139
CID000446284,446284
CID000003219,3219
CID005388961,5388961
CID000003226,3226
CID000003241,3241
CID005280793,5280793
CID000443884,443884
CID000008223,8223
CID000008233,8233
CID000012560,12560
CID000443953,443953
CID000003261,3261
CID000009403,9403
CID000013791,13791
CID000040291,40291
CID000259329,259329
CID000005756,5756
CID000003278,3278
CID000003279,3279
CID000014051,14051
CID000003291,3291
CID000003292,3292
CID000003305,3305
CID000003308,3308
CID000036462,36462
CID000003324,3324
CID005702160,5702160
CID000003331,3331
CID000003333,3333
CID000003339,3339
CID000003340,3340
CID000003342,3342
CID000003345,3345
CID000003348,3348
CID000057363,57363
CID000003354,3354
CID000003355,3355
CID000005790,5790
CID000003364,3364
CID000021319,21319
CID000003365,3365
CID000003366,3366
CID000657237,657237
CID000030751,30751
CID000225609,225609
CID000003372,3372
CID000003373,3373
CID000071415,71415
CID000082153,82153
CID000003380,3380
CID000006215,6215
CID000009642,9642
CID000009878,9878
CID000003385,3385
CID000003386,3386
CID000006446,6446
CID000003388,3388
CID000015209,15209
CID000003393,3393
CID000003394,3394
CID000003397,3397
CID000444036,444036
CID000446155,446155
CID005324345,5324345
CID000006037,6037
CID000003406,3406
CID000003410,3410
CID003034756,3034756
CID003083544,3083544
CID000003414,3414
CID000073491,73491
CID000055891,55891
CID006708482,6708482
CID005352062,5352062
CID000003440,3440
CID003000226,3000226
CID003032525,3032525
CID000003446,3446
CID000009651,9651
CID000003454,3454
CID000060749,60749
CID006434870,6434870
CID000003463,3463
CID000003467,3467
CID000003475,3475
CID000003476,3476
CID000003478,3478
CID000003488,3488
CID000003494,3494
CID000003510,3510
CID005284566,5284566
CID000441140,441140
CID000003516,3516
CID000003517,3517
CID000003519,3519
CID000003520,3520
CID000018342,18342
CID000443943,443943
CID000003559,3559
CID000003598,3598
CID000003623,3623
CID005282593,5282593
CID000009003,9003
CID000003637,3637
CID000003639,3639
CID000005754,5754
CID000026133,26133
CID000003647,3647
CID005284570,5284570
CID000003652,3652
CID000003657,3657
CID000003658,3658
CID000003661,3661
CID000154417,154417
CID000174174,174174
CID000003672,3672
CID000003675,3675
CID000003676,3676
CID000042593,42593
CID000042890,42890
CID000005905,5905
CID000003690,3690
CID000003696,3696
CID000003702,3702
CID005362440,5362440
CID000003715,3715
CID000003724,3724
CID000003730,3730
CID000065492,65492
CID000003736,3736
CID000003737,3737
CID000003738,3738
CID000003739,3739
CID000003741,3741
CID000003742,3742
CID000003743,3743
CID000003746,3746
CID000043232,43232
CID000003749,3749
CID000060837,60837
CID000003759,3759
CID000003763,3763
CID000003767,3767
CID005282175,5282175
CID000003779,3779
CID000006883,6883
CID000003783,3783
CID000003784,3784
CID000055283,55283
CID000003821,3821
CID000456201,456201
CID000003825,3825
CID000003826,3826
CID000003827,3827
CID000003830,3830
CID000003848,3848
CID000003869,3869
CID000011333,11333
CID000060825,60825
CID000003878,3878
CID000003883,3883
CID009578005,9578005
CID005282380,5282380
CID005311221,5311221
CID000003899,3899
CID000003902,3902
CID000657180,657180
CID000039468,39468
CID000054384,54384
CID000072286,72286
CID005359272,5359272
CID000064710,64710
CID000441401,441401
CID005362118,5362118
CID000028864,28864
CID000003939,3939
CID000003948,3948
CID000003950,3950
CID000003954,3954
CID000003957,3957
CID000003958,3958
CID000003961,3961
CID000053232,53232
CID000003964,3964
CID000003998,3998
CID000004004,4004
CID000004011,4011
CID000004030,4030
CID000004031,4031
CID000004032,4032
CID000004033,4033
CID000004034,4034
CID000004036,4036
CID000006279,6279
CID000247839,247839
CID000004044,4044
CID000040692,40692
CID000011683,11683
CID000004051,4051
CID000460612,460612
CID000004054,4054
CID000004057,4057
CID000004058,4058
CID000004060,4060
CID000004062,4062
CID000004064,4064
CID000004075,4075
CID000004086,4086
CID000004091,4091
CID000004095,4095
CID000004101,4101
CID000004107,4107
CID000126941,126941
CID000004114,4114
CID000004120,4120
CID049800046,49800046
CID000004121,4121
CID000038852,38852
CID000004139,4139
CID000008226,8226
CID000004158,4158
CID000154100,154100
CID000006741,6741
CID000006010,6010
CID000009681,9681
CID000004168,4168
CID000004170,4170
CID000004171,4171
CID000004173,4173
CID000004174,4174
CID000004178,4178
CID000004184,4184
CID000004189,4189
CID000004192,4192
CID000004195,4195
CID000055245,55245
CID000004197,4197
CID000004201,4201
CID000004205,4205
CID000004211,4211
CID000004212,4212
CID000004235,4235
CID000004236,4236
CID009690109,9690109
CID000055188,55188
CID000441336,441336
CID005281040,5281040
CID000004253,4253
CID005288826,5288826
CID000101526,101526
CID000446596,446596
CID005281078,5281078
CID000446541,446541
CID000004274,4274
CID000004409,4409
CID000039147,39147
CID005311304,5311304
CID000004421,4421
CID005284594,5284594
CID005284596,5284596
CID005360515,5360515
CID000009677,9677
CID000004436,4436
CID000004440,4440
CID000060026,60026
CID005311309,5311309
CID000004449,4449
CID000004450,4450
CID000064142,64142
CID000004454,4454
CID000008378,8378
CID000004456,4456
CID000004463,4463
CID000004473,4473
CID000004485,4485
CID000004493,4493
CID000004497,4497
CID000004499,4499
CID000004506,4506
CID006604200,6604200
CID000004510,4510
CID003033637,3033637
CID000006230,6230
CID000004539,4539
CID000013109,13109
CID000004543,4543
CID000065981,65981
CID006433272,6433272
CID000004583,4583
CID000149096,149096
CID000004585,4585
CID000004594,4594
CID009579578,9579578
CID000004595,4595
CID003034010,3034010
CID000004601,4601
CID000065028,65028
CID000006196,6196
CID000004609,4609
CID000004614,4614
CID000004616,4616
CID005353853,5353853
CID000004631,4631
CID000004634,4634
CID005284603,5284603
CID005281034,5281034
CID005284604,5284604
CID000004649,4649
CID000441276,441276
CID005352019,5352019
CID000004673,4673
CID000027350,27350
CID000131204,131204
CID000004679,4679
CID000004680,4680
CID000165579,165579
CID000043815,43815
CID000004695,4695
CID000037464,37464
CID000004725,4725
CID000005852,5852
CID000006869,6869
CID000004735,4735
CID000441277,441277
CID000004737,4737
CID000439693,439693
CID000004740,4740
CID000047811,47811
CID000004746,4746
CID000004747,4747
CID000004748,4748
CID000004756,4756
CID000004763,4763
CID000004768,4768
CID000004771,4771
CID000004775,4775
CID000006041,6041
CID000026934,26934
CID000004810,4810
CID000005983,5983
CID005280483,5280483
CID000005909,5909
CID000004828,4828
CID000004829,4829
CID000043672,43672
CID000004845,4845
CID000010607,10607
CID049800003,49800003
CID000004870,4870
CID000119569,119569
CID000054687,54687
CID000004891,4891
CID000004893,4893
CID000005755,5755
CID000005834,5834
CID000004896,4896
CID000005865,5865
CID000004906,4906
CID000004908,4908
CID000004909,4909
CID000004911,4911
CID000004913,4913
CID000004914,4914
CID000004915,4915
CID000004917,4917
CID000005994,5994
CID006178111,6178111
CID000004927,4927
CID000004932,4932
CID000004934,4934
CID000004935,4935
CID000004943,4943
CID000004946,4946
CID000004976,4976
CID000708857,708857
CID000004991,4991
CID000004992,4992
CID000004993,4993
CID000004999,4999
CID000005002,5002
CID000054891,54891
CID000005029,5029
CID000007028,7028
CID000009294,9294
CID000005035,5035
CID005362129,5362129
CID003001055,3001055
CID005284616,5284616
CID005280954,5280954
CID000005770,5770
CID000037542,37542
CID000005070,5070
CID000005071,5071
CID000005073,5073
CID000392622,392622
CID000077990,77990
CID000005078,5078
CID000005090,5090
CID000005095,5095
CID005480431,5480431
CID009567573,9567573
CID000005152,5152
CID000018283,18283
CID000005161,5161
CID000005184,5184
CID002723876,2723876
CID000005193,5193
CID000026757,26757
CID000063009,63009
CID000005206,5206
CID000005210,5210
CID000005212,5212
CID000005214,5214
CID000005215,5215
CID000005238,5238
CID000005245,5245
CID000005248,5248
CID000005253,5253
CID000060464,60464
CID000005833,5833
CID000005291,5291
CID006419957,6419957
CID000029327,29327
CID000005311,5311
CID000005314,5314
CID000005318,5318
CID000005320,5320
CID000005329,5329
CID000005333,5333
CID001548886,1548886
CID000005358,5358
CID000005359,5359
CID000445643,445643
CID006435755,6435755
CID002733525,2733525
CID003032583,3032583
CID000005379,5379
CID000005381,5381
CID000005391,5391
CID000005394,5394
CID000452548,452548
CID000005401,5401
CID001549007,1549007
CID000005403,5403
CID000441383,441383
CID000013769,13769
CID000006013,6013
CID000009416,9416
CID000005995,5995
CID000005411,5411
CID000005419,5419
CID000005426,5426
CID000005430,5430
CID000005452,5452
CID000005453,5453
CID000941650,941650
CID000941651,941651
CID000060648,60648
CID000005468,5468
CID000021844,21844
CID000444008,444008
CID000005472,5472
CID000033624,33624
CID000005479,5479
CID000005483,5483
CID000060946,60946
CID000005487,5487
CID000036294,36294
CID000005503,5503
CID000005505,5505
CID000005508,5508
CID000060774,60774
CID000443878,443878
CID005284627,5284627
CID000060699,60699
CID003005572,3005572
CID000033741,33741
CID000005524,5524
CID005484727,5484727
CID000005526,5526
CID000005530,5530
CID000026069,26069
CID000005533,5533
CID000444795,444795
CID000449171,449171
CID005282379,5282379
CID000031307,31307
CID000005546,5546
CID000005556,5556
CID000005564,5564
CID000005565,5565
CID000005566,5566
CID000005572,5572
CID000005576,5576
CID000005577,5577
CID000005578,5578
CID000005582,5582
CID000005584,5584
CID000005591,5591
CID000005593,5593
CID000072165,72165
CID000005596,5596
CID003034812,3034812
CID000005625,5625
CID005311236,5311236
CID000010133,10133
CID000031401,31401
CID000060772,60772
CID000060846,60846
CID000014969,14969
CID000014970,14970
CID000005656,5656
CID000005665,5665
CID000060779,60779
CID000005717,5717
CID000024066,24066
CID000005719,5719
CID000060855,60855
CID000035370,35370
CID003007855,3007855
CID000060857,60857
CID000005732,5732
CID000005734,5734
CID000005735,5735
CID000969472,969472
CID000005746,5746
CID000005771,5771
CID000439302,439302
CID000005775,5775
CID000005877,5877
CID000005878,5878
CID000005939,5939
CID000005978,5978
CID006324671,6324671
CID000006018,6018
CID000006049,6049
CID000006058,6058
CID000006116,6116
CID000006238,6238
CID000006256,6256
CID000006432,6432
CID000006436,6436
CID000006451,6451
CID000006468,6468
CID000006476,6476
CID000006503,6503
CID000006726,6726
CID000007012,7012
CID000007029,7029
CID000007187,7187
CID000007638,7638
CID000007699,7699
CID000008197,8197
CID000008230,8230
CID000008612,8612
CID000008982,8982
CID000023568,23568
CID000009034,9034
CID002724354,2724354
CID000009433,9433
CID000009904,9904
CID000010100,10100
CID000010340,10340
CID000010413,10413
CID000010547,10547
CID000010631,10631
CID000010660,10660
CID000011125,11125
CID000011973,11973
CID005311507,5311507
CID000012460,12460
CID000012536,12536
CID005311066,5311066
CID000012555,12555
CID000012559,12559
CID000012597,12597
CID000012620,12620
CID000013314,13314
CID000013342,13342
CID000241902,241902
CID000014789,14789
CID000014888,14888
CID000014917,14917
CID000015232,15232
CID000015459,15459
CID000016124,16124
CID000016230,16230
CID000016362,16362
CID000016533,16533
CID000016850,16850
CID000016886,16886
CID000451668,451668
CID000017358,17358
CID000259331,259331
CID000019090,19090
CID000020585,20585
CID005311052,5311052
CID000021800,21800
CID000021945,21945
CID005284569,5284569
CID000022318,22318
CID000022502,22502
CID005284555,5284555
CID000023897,23897
CID000023925,23925
CID000023926,23926
CID000023951,23951
CID000023954,23954
CID000023957,23957
CID000023976,23976
CID000023978,23978
CID000023982,23982
CID000023993,23993
CID000023994,23994
CID000024087,24087
CID000024414,24414
CID000024424,24424
CID000024450,24450
CID000024642,24642
CID000072170,72170
CID016019977,16019977
CID000024706,24706
CID000064730,64730
CID000024841,24841
CID000025419,25419
CID000025959,25959
CID000027304,27304
CID000027400,27400
CID000027661,27661
CID000027991,27991
CID005311065,5311065
CID000168708,168708
CID000028332,28332
CID000028486,28486
CID000029089,29089
CID000071384,71384
CID000031072,31072
CID000031264,31264
CID000031378,31378
CID000031477,31477
CID000032169,32169
CID000638678,638678
CID000032603,32603
CID000443385,443385
CID005311051,5311051
CID009833444,9833444
CID000034312,34312
CID000036339,36339
CID000036523,36523
CID000036811,36811
CID000037392,37392
CID000037720,37720
CID000038904,38904
CID000039042,39042
CID000039507,39507
CID005311412,5311412
CID005311454,5311454
CID000039764,39764
CID000039860,39860
CID000040326,40326
CID000040632,40632
CID000040703,40703
CID000040973,40973
CID000040976,40976
CID006917715,6917715
CID005284513,5284513
CID000041684,41684
CID000041693,41693
CID000041744,41744
CID000041774,41774
CID000041781,41781
CID000042113,42113
CID000042395,42395
CID000050224,50224
CID005282381,5282381
CID000044563,44563
CID000044564,44564
CID000045469,45469
CID000047319,47319
CID000047320,47320
CID000062886,62886
CID006321416,6321416
CID000047471,47471
CID000047528,47528
CID000047641,47641
CID000047725,47725
CID000050294,50294
CID000053024,53024
CID000051263,51263
CID000441314,441314
CID000051634,51634
CID000052421,52421
CID006714002,6714002
CID000054158,54158
CID005311181,5311181
CID006435378,6435378
CID000054331,54331
CID000054373,54373
CID000383413,383413
CID000054454,54454
CID006335986,6335986
CID000084029,84029
CID000054786,54786
CID006918140,6918140
CID000444025,444025
CID000054840,54840
CID000054949,54949
CID000055331,55331
CID000055466,55466
CID000055480,55480
CID006917778,6917778
CID000056338,56338
CID000056959,56959
CID000057166,57166
CID000057469,57469
CID000059226,59226
CID000057697,57697
CID005284583,5284583
CID000059768,59768
CID000129211,129211
CID000060164,60164
CID000060172,60172
CID000441313,441313
CID000060184,60184
CID000107807,107807
CID000060198,60198
CID000060490,60490
CID000060496,60496
CID000060612,60612
CID005311068,5311068
CID000060613,60613
CID000466146,466146
CID000060668,60668
CID000441290,441290
CID000060706,60706
CID000441129,441129
CID000060714,60714
CID000060726,60726
CID000060751,60751
CID000060752,60752
CID000060754,60754
CID000060934,60934
CID000060795,60795
CID000060814,60814
CID000060830,60830
CID000060834,60834
CID000060843,60843
CID000060852,60852
CID000060853,60853
CID000060860,60860
CID000135326,135326
CID005281071,5281071
CID003033825,3033825
CID000060871,60871
CID000060877,60877
CID005281037,5281037
CID000060936,60936
CID000060953,60953
CID000061475,61475
CID000061799,61799
CID000062305,62305
CID000062358,62358
CID000062816,62816
CID000062819,62819
CID005311101,5311101
CID000062956,62956
CID000062959,62959
CID000062965,62965
CID005463984,5463984
CID000064147,64147
CID000064778,64778
CID000064929,64929
CID000464205,464205
CID000065014,65014
CID000065157,65157
CID000065281,65281
CID006714010,6714010
CID000065370,65370
CID000065628,65628
CID000065840,65840
CID000065856,65856
CID000065863,65863
CID000065866,65866
CID000065999,65999
CID000068613,68613
CID000068740,68740
CID000068844,68844
CID000069512,69512
CID000071158,71158
CID000175804,175804
CID000071301,71301
CID005281042,5281042
CID000071329,71329
CID000071348,71348
CID006918010,6918010
CID000071360,71360
CID006918172,6918172
CID000071406,71406
CID005282415,5282415
CID000071469,71469
CID000071616,71616
CID000072022,72022
CID000444030,444030
CID000072081,72081
CID006436173,6436173
CID000072466,72466
CID005360373,5360373
CID009571107,9571107
CID000073303,73303
CID003002190,3002190
CID000074989,74989
CID000077992,77992
CID000077993,77993
CID005281104,5281104
CID000077997,77997
CID000077998,77998
CID000078032,78032
CID000082146,82146
CID000082148,82148
CID000083030,83030
CID000104810,104810
CID000104798,104798
CID000084003,84003
CID000091488,91488
CID000387447,387447
CID003011155,3011155
CID000474409,474409
CID005460037,5460037
CID000104741,104741
CID000104758,104758
CID000441193,441193
CID000104799,104799
CID000104849,104849
CID000104865,104865
CID000105145,105145
CID000107694,107694
CID000107969,107969
CID000107994,107994
CID000110634,110634
CID000110635,110635
CID009881504,9881504
CID000115237,115237
CID000115355,115355
CID000119182,119182
CID000119212,119212
CID000119607,119607
CID000119828,119828
CID005481350,5481350
CID000121396,121396
CID000121749,121749
CID000121892,121892
CID003086674,3086674
CID003052775,3052775
CID005329098,5329098
CID005282226,5282226
CID000123606,123606
CID000123610,123610
CID000448812,448812
CID000123611,123611
CID000636380,636380
CID000123619,123619
CID000441335,441335
CID002826718,2826718
CID000123631,123631
CID000123634,123634
CID000123809,123809
CID000124087,124087
CID000125017,125017
CID005486971,5486971
CID005311027,5311027
CID005464097,5464097
CID000129228,129228
CID000446157,446157
CID009568613,9568613
CID000130881,130881
CID000131535,131535
CID005282451,5282451
CID000132971,132971
CID000132999,132999
CID000134018,134018
CID000134019,134019
CID000134780,134780
CID000135113,135113
CID000145068,145068
CID000147740,147740
CID000468595,468595
CID000148121,148121
CID003036505,3036505
CID006918289,6918289
CID024847874,24847874
CID000148192,148192
CID000148211,148211
CID006337614,6337614
CID000443872,443872
CID024847741,24847741
CID000150311,150311
CID000150610,150610
CID000151075,151075
CID000151165,151165
CID006918365,6918365
CID000151171,151171
CID000152945,152945
CID006918296,6918296
CID000153941,153941
CID000153994,153994
CID000154058,154058
CID000154256,154256
CID000163091,163091
CID003036780,3036780
CID000156418,156418
CID000449677,449677
CID000157688,157688
CID000157920,157920
CID000157921,157921
CID000158781,158781
CID000158786,158786
CID000159247,159247
CID006918193,6918193
CID000160051,160051
CID000160352,160352
CID000163296,163296
CID000166548,166548
CID000168625,168625
CID000168924,168924
CID000170361,170361
CID000171558,171558
CID000176870,176870
CID000179344,179344
CID000185457,185457
CID000192155,192155
CID000193962,193962
CID000197281,197281
CID006918204,6918204
CID000197712,197712
CID006918493,6918493
CID000206527,206527
CID000208898,208898
CID000208902,208902
CID000208908,208908
CID009960701,9960701
CID009578572,9578572
CID000213039,213039
CID000213046,213046
CID003003141,3003141
CID005493444,5493444
CID000216210,216210
CID000216235,216235
CID000216237,216237
CID000216239,216239
CID000216258,216258
CID000216326,216326
CID000216416,216416
CID000219024,219024
CID022451303,22451303
CID000219078,219078
CID000450096,450096
CID000219090,219090
CID000222786,222786
CID000445226,445226
CID000450503,450503
CID000358641,358641
CID005281075,5281075
CID005281099,5281099
CID005462501,5462501
CID000444006,444006
CID006437877,6437877
CID000444013,444013
CID006918155,6918155
CID000449193,449193
CID000455658,455658
CID000477468,477468
CID006602291,6602291
CID003002977,3002977
CID000489181,489181
CID000517045,517045
CID000644241,644241
CID005312125,5312125
CID005388906,5388906
CID000657298,657298
CID000667490,667490
CID001349907,1349907
CID002723601,2723601
CID002761171,2761171
CID006451164,6451164
CID003010818,3010818
CID003038497,3038497
CID003052762,3052762
CID006509979,6509979
CID024847863,24847863
CID003062316,3062316
CID003080904,3080904
CID056841124,56841124
CID003081361,3081361
CID045267081,45267081
CID003081884,3081884
CID003085017,3085017
CID003086257,3086257
CID006450551,6450551
CID005329102,5329102
CID005289223,5289223
CID004369359,4369359
CID005288169,5288169
CID005281107,5281107
CID005460193,5460193
CID004517618,4517618
CID005311000,5311000
CID005281081,5281081
CID004659569,4659569
CID005001396,5001396
CID006918537,6918537
CID005273759,5273759
CID005277135,5277135
CID005353562,5353562
CID005310993,5310993
CID005311167,5311167
CID005327147,5327147
CID005328940,5328940
CID005353894,5353894
CID005359476,5359476
CID005384001,5384001
CID005359596,5359596
CID005360237,5360237
CID006323490,6323490
CID005361917,5361917
CID005362070,5362070
CID005362420,5362420
CID005381226,5381226
CID005458213,5458213
CID005462337,5462337
CID006003770,6003770
CID005464096,5464096
CID011672602,11672602
CID005487068,5487068
CID005487301,5487301
CID006918250,6918250
CID005488547,5488547
CID005493381,5493381
CID009916860,9916860
CID006323497,6323497
CID006326970,6326970
CID006328144,6328144
CID006328526,6328526
CID053320414,53320414
CID006918453,6918453
CID006915944,6915944
CID006433082,6433082
CID009838021,9838021
CID009868491,9868491
CID006918554,6918554
CID009875401,9875401
CID006435110,6435110
CID006437075,6437075
CID010034073,10034073
CID006442177,6442177
CID006445540,6445540
CID006452749,6452749
CID006453361,6453361
CID006480466,6480466
CID006850789,6850789
CID006850791,6850791
CID006918182,6918182
CID006918313,6918313
CID006918366,6918366
CID012993649,12993649
CID006918456,6918456
CID045487623,45487623
CID006918558,6918558
CID006918584,6918584
CID006918638,6918638
CID006918670,6918670
CID010220503,10220503
CID011504294,11504294
CID009852981,9852981
CID009854073,9854073
CID025244225,25244225
CID009815560,9815560
CID009926791,9926791
CID009825285,9825285
CID009831414,9831414
CID009831761,9831761
CID009831783,9831783
CID025181561,25181561
CID009853053,9853053
CID009854489,9854489
CID009865528,9865528
CID009869929,9869929
CID009871419,9871419
CID009887712,9887712
CID009898619,9898619
CID011561674,11561674
CID009924495,9924495
CID009930048,9930048
CID009940864,9940864
CID070683023,70683023
CID009966051,9966051
CID010077129,10077129
CID010096344,10096344
CID015950376,15950376
CID010113978,10113978
CID010184653,10184653
CID010178705,10178705
CID010182969,10182969
CID010324367,10324367
CID011658859,11658859
CID010482134,10482134
CID011001318,11001318
CID011020241,11020241
CID011450633,11450633
CID011167602,11167602
CID011467166,11467166
CID011234049,11234049
CID011243969,11243969
CID011238823,11238823
CID011254352,11254352
CID011304743,11304743
CID011499245,11499245
CID011501341,11501341
CID011505907,11505907
CID011519069,11519069
CID023652731,23652731
CID011556711,11556711
CID011593706,11593706
CID011626560,11626560
CID011597697,11597697
CID011672461,11672461
CID011707110,11707110
CID017754356,17754356
CID011947681,11947681
CID011949646,11949646
CID011979316,11979316
CID013559281,13559281
CID015951529,15951529
CID016004692,16004692
CID024873435,24873435
CID024821094,24821094
CID016129616,16129616
CID016129674,16129674
CID016133802,16133802
CID016129629,16129629
CID016129688,16129688
CID016136912,16136912
CID016129665,16129665
CID016129672,16129672
CID016129682,16129682
CID016129690,16129690
CID016131923,16131923
CID016129703,16129703
CID016129704,16129704
CID016130199,16130199
CID016130295,16130295
CID016130965,16130965
CID016131215,16131215
CID016131310,16131310
CID016132265,16132265
CID016132283,16132283
CID016132344,16132344
CID016132418,16132418
CID016132438,16132438
CID016132441,16132441
CID016132446,16132446
CID016134956,16134956
CID016136245,16136245
CID016137271,16137271
CID016139342,16139342
CID070683012,70683012
CID016157882,16157882
CID070685014,70685014
CID071306891,71306891
CID016213095,16213095
CID016220172,16220172
CID025126797,25126797
CID019371515,19371515
CID025081014,25081014
CID023668479,23668479
CID023689036,23689036
CID023690938,23690938
CID071306410,71306410
CID024776445,24776445
CID024812758,24812758
CID024822371,24822371
CID057396865,57396865
CID024826799,24826799
CID024838347,24838347
CID024846132,24846132
CID025151504,25151504
CID024965990,24965990
CID025074470,25074470
CID025077179,25077179
CID025074886,25074886
CID025077594,25077594
CID025077649,25077649
CID025077993,25077993
CID045375808,45375808
CID025102847,25102847
CID054671203,54671203
CID027885548,27885548
CID026275995,26275995
CID054676537,54676537
CID042611257,42611257
CID054675779,54675779
CID044146714,44146714
CID044201342,44201342
CID044201343,44201343
CID044462760,44462760
CID044564107,44564107
CID044564722,44564722
CID044567678,44567678
CID070788982,70788982
CID046216142,46216142
CID051508717,51508717
CID051601240,51601240
CID053477714,53477714
CID053627505,53627505
CID054684141,54684141
CID054686904,54686904
CID054686183,54686183
CID054687131,54687131
CID056603655,56603655
CID056842239,56842239
CID070683024,70683024
CID070695640,70695640
CID071306834,71306834
