old_CID,STITCH_CID,CID,pub_chem_CID
CID100000085,CID000010917,10917,100000085
CID100000119,CID000000119,119,100000119
CID100000137,CID000000137,137,100000137
CID100000143,CID000000143,143,100000143
CID100000143,CID000006006,6006,100000143
CID100000143,CID000149436,149436,100000143
CID100000146,CID000444412,444412,100000146
CID100000158,CID005280360,5280360,100000158
CID100000159,CID005282411,5282411,100000159
CID100000160,CID005280363,5280363,100000160
CID100000175,CID000000175,175,100000175
CID100000187,CID000000187,187,100000187
CID100000191,CID000060961,60961,100000191
CID100000206,CID000000206,206,100000206
CID100000206,CID000066370,66370,100000206
CID100000214,CID005280723,5280723,100000214
CID100000214,CID006433212,6433212,100000214
CID100000222,CID000000222,222,100000222
CID100000232,CID000006322,6322,100000232
CID100000244,CID000000244,244,100000244
CID100000247,CID000000247,247,100000247
CID100000271,CID000000271,271,100000271
CID100000297,CID000000297,297,100000297
CID100000298,CID000005959,5959,100000298
CID100000303,CID000221493,221493,100000303
CID100000305,CID000449688,449688,100000305
CID100000311,CID000000311,311,100000311
CID100000312,CID000000312,312,100000312
CID100000338,CID000000338,338,100000338
CID100000401,CID000006234,6234,100000401
CID100000444,CID000000444,444,100000444
CID100000450,CID000005757,5757,100000450
CID100000453,CID000005780,5780,100000453
CID100000453,CID000006251,6251,100000453
CID100000564,CID000000564,564,100000564
CID100000581,CID000012035,12035,100000581
CID100000596,CID000006252,6252,100000596
CID100000598,CID000000598,598,100000598
CID100000612,CID000000612,612,100000612
CID100000679,CID000000679,679,100000679
CID100000681,CID000000681,681,100000681
CID100000698,CID000005870,5870,100000698
CID100000699,CID003001028,3001028,100000699
CID100000700,CID000000700,700,100000700
CID100000727,CID000000727,727,100000727
CID100000738,CID000005961,5961,100000738
CID100000750,CID000000750,750,100000750
CID100000753,CID000000753,753,100000753
CID100000767,CID000000767,767,100000767
CID100000772,CID000000772,772,100000772
CID100000774,CID000000774,774,100000774
CID100000785,CID000000785,785,100000785
CID100000813,CID000000813,813,100000813
CID100000815,CID000006032,6032,100000815
CID100000838,CID000005815,5815,100000838
CID100000853,CID000005819,5819,100000853
CID100000861,CID000005920,5920,100000861
CID100000888,CID000000888,888,100000888
CID100000896,CID000000896,896,100000896
CID100000923,CID000000923,923,100000923
CID100000937,CID000000937,937,100000937
CID100000942,CID000000942,942,100000942
CID100000942,CID000089594,89594,100000942
CID100000946,CID000000946,946,100000946
CID100000948,CID000000948,948,100000948
CID100000951,CID000439260,439260,100000951
CID100000961,CID000000961,961,100000961
CID100001003,CID000001003,1003,100001003
CID100001046,CID000001046,1046,100001046
CID100001054,CID000001054,1054,100001054
CID100001065,CID000005768,5768,100001065
CID100001065,CID000008549,8549,100001065
CID100001065,CID000091429,91429,100001065
CID100001071,CID000445354,445354,100001071
CID100001084,CID000001084,1084,100001084
CID100001125,CID000001125,1125,100001125
CID100001125,CID000044257,44257,100001125
CID100001130,CID000001130,1130,100001130
CID100001134,CID000159269,159269,100001134
CID100001206,CID000010836,10836,100001206
CID100001301,CID000156391,156391,100001301
CID100001546,CID000020279,20279,100001546
CID100001690,CID000031703,31703,100001690
CID100001690,CID000032874,32874,100001690
CID100001690,CID000041867,41867,100001690
CID100001727,CID000001727,1727,100001727
CID100001775,CID000001775,1775,100001775
CID100001798,CID000004100,4100,100001798
CID100001805,CID000009444,9444,100001805
CID100001875,CID000016923,16923,100001875
CID100001971,CID000065139,65139,100001971
CID100001971,CID000441300,441300,100001971
CID100001972,CID005280965,5280965,100001972
CID100001972,CID005386092,5386092,100001972
CID100001978,CID000001978,1978,100001978
CID100001983,CID000001983,1983,100001983
CID100001986,CID000001986,1986,100001986
CID100001990,CID000001990,1990,100001990
CID100001993,CID000001993,1993,100001993
CID100002019,CID000002019,2019,100002019
CID100002021,CID000015541,15541,100002021
CID100002022,CID000002022,2022,100002022
CID100002082,CID000002082,2082,100002082
CID100002083,CID000002083,2083,100002083
CID100002083,CID000123600,123600,100002083
CID100002085,CID000636374,636374,100002085
CID100002088,CID000002088,2088,100002088
CID100002092,CID000002092,2092,100002092
CID100002094,CID000002094,2094,100002094
CID100002099,CID000002099,2099,100002099
CID100002118,CID000002118,2118,100002118
CID100002123,CID000002123,2123,100002123
CID100002130,CID000002130,2130,100002130
CID100002133,CID000443958,443958,100002133
CID100002140,CID000002140,2140,100002140
CID100002141,CID000002141,2141,100002141
CID100002142,CID000037768,37768,100002142
CID100002145,CID000002145,2145,100002145
CID100002148,CID000002148,2148,100002148
CID100002153,CID000002153,2153,100002153
CID100002156,CID000002156,2156,100002156
CID100002159,CID000002159,2159,100002159
CID100002160,CID000002160,2160,100002160
CID100002161,CID000002161,2161,100002161
CID100002162,CID000002162,2162,100002162
CID100002163,CID000002163,2163,100002163
CID100002168,CID000054259,54259,100002168
CID100002170,CID000002170,2170,100002170
CID100002171,CID000033613,33613,100002171
CID100002173,CID000006249,6249,100002173
CID100002177,CID000065016,65016,100002177
CID100002179,CID000002179,2179,100002179
CID100002182,CID000002182,2182,100002182
CID100002187,CID000002187,2187,100002187
CID100002215,CID000006005,6005,100002215
CID100002216,CID000002216,2216,100002216
CID100002232,CID000092721,92721,100002232
CID100002244,CID000002244,2244,100002244
CID100002249,CID000002249,2249,100002249
CID100002250,CID000060822,60822,100002250
CID100002265,CID000002265,2265,100002265
CID100002266,CID000002266,2266,100002266
CID100002267,CID000002267,2267,100002267
CID100002269,CID000447043,447043,100002269
CID100002274,CID005742832,5742832,100002274
CID100002284,CID000002284,2284,100002284
CID100002307,CID000021700,21700,100002307
CID100002308,CID000020469,20469,100002308
CID100002311,CID005362123,5362123,100002311
CID100002315,CID000002315,2315,100002315
CID100002337,CID000002337,2337,100002337
CID100002341,CID000002341,2341,100002341
CID100002344,CID000006832,6832,100002344
CID100002345,CID000002345,2345,100002345
CID100002349,CID000002349,2349,100002349
CID100002349,CID000005904,5904,100002349
CID100002350,CID000164522,164522,100002350
CID100002351,CID000002351,2351,100002351
CID100002366,CID000002366,2366,100002366
CID100002367,CID000009400,9400,100002367
CID100002369,CID000002369,2369,100002369
CID100002369,CID000060656,60656,100002369
CID100002370,CID000002370,2370,100002370
CID100002375,CID000002375,2375,100002375
CID100002391,CID000002391,2391,100002391
CID100002405,CID000002405,2405,100002405
CID100002431,CID000002431,2431,100002431
CID100002435,CID000002435,2435,100002435
CID100002441,CID000002441,2441,100002441
CID100002442,CID000002442,2442,100002442
CID100002443,CID000031100,31100,100002443
CID100002462,CID000002462,2462,100002462
CID100002462,CID005281004,5281004,100002462
CID100002471,CID000002471,2471,100002471
CID100002474,CID000002474,2474,100002474
CID100002474,CID000092253,92253,100002474
CID100002476,CID006321408,6321408,100002476
CID100002477,CID000002477,2477,100002477
CID100002478,CID000002478,2478,100002478
CID100002479,CID000002479,2479,100002479
CID100002484,CID000002484,2484,100002484
CID100002487,CID005361092,5361092,100002487
CID100002512,CID000054746,54746,100002512
CID100002519,CID000002519,2519,100002519
CID100002520,CID000002520,2520,100002520
CID100002522,CID005288783,5288783,100002522
CID100002522,CID006436131,6436131,100002522
CID100002524,CID005280453,5280453,100002524
CID100002540,CID000002540,2540,100002540
CID100002541,CID000002541,2541,100002541
CID100002547,CID003032400,3032400,100002547
CID100002548,CID001548943,1548943,100002548
CID100002550,CID000044093,44093,100002550
CID100002551,CID000002551,2551,100002551
CID100002554,CID000002554,2554,100002554
CID100002559,CID000020824,20824,100002559
CID100002563,CID000034359,34359,100002563
CID100002564,CID000002564,2564,100002564
CID100002576,CID000002576,2576,100002576
CID100002578,CID000002578,2578,100002578
CID100002583,CID000002583,2583,100002583
CID100002585,CID000002585,2585,100002585
CID100002609,CID000051038,51038,100002609
CID100002610,CID000002610,2610,100002610
CID100002610,CID000047964,47964,100002610
CID100002617,CID000002617,2617,100002617
CID100002617,CID000033255,33255,100002617
CID100002622,CID005479537,5479537,100002622
CID100002631,CID005742673,5742673,100002631
CID100002631,CID006540461,6540461,100002631
CID100002637,CID000441199,441199,100002637
CID100002646,CID005281006,5281006,100002646
CID100002650,CID005362051,5362051,100002650
CID100002650,CID005481173,5481173,100002650
CID100002654,CID005282241,5282241,100002654
CID100002655,CID006533629,6533629,100002655
CID100002656,CID005479530,5479530,100002656
CID100002658,CID005479529,5479529,100002658
CID100002662,CID000002662,2662,100002662
CID100002663,CID000002663,2663,100002663
CID100002666,CID000027447,27447,100002666
CID100002675,CID005362065,5362065,100002675
CID100002675,CID006321411,6321411,100002675
CID100002676,CID000446156,446156,100002676
CID100002678,CID000002678,2678,100002678
CID100002678,CID001548999,1548999,100002678
CID100002684,CID000083898,83898,100002684
CID100002708,CID000002708,2708,100002708
CID100002712,CID000002712,2712,100002712
CID100002713,CID009552079,9552079,100002713
CID100002719,CID000002719,2719,100002719
CID100002720,CID000002720,2720,100002720
CID100002725,CID000002725,2725,100002725
CID100002725,CID000033036,33036,100002725
CID100002726,CID000002726,2726,100002726
CID100002727,CID000002727,2727,100002727
CID100002732,CID000002732,2732,100002732
CID100002733,CID000002733,2733,100002733
CID100002749,CID000002749,2749,100002749
CID100002751,CID000056329,56329,100002751
CID100002754,CID000002754,2754,100002754
CID100002756,CID000002756,2756,100002756
CID100002762,CID000002762,2762,100002762
CID100002764,CID000002764,2764,100002764
CID100002767,CID000002767,2767,100002767
CID100002771,CID000002771,2771,100002771
CID100002771,CID000146570,146570,100002771
CID100002781,CID000026986,26986,100002781
CID100002786,CID000029029,29029,100002786
CID100002789,CID000002789,2789,100002789
CID100002791,CID000032798,32798,100002791
CID100002792,CID000071386,71386,100002792
CID100002794,CID000002794,2794,100002794
CID100002800,CID001548952,1548952,100002800
CID100002800,CID001548954,1548954,100002800
CID100002801,CID000002801,2801,100002801
CID100002802,CID000002802,2802,100002802
CID100002803,CID000002803,2803,100002803
CID100002806,CID000060606,60606,100002806
CID100002809,CID000002809,2809,100002809
CID100002812,CID000002812,2812,100002812
CID100002818,CID000002818,2818,100002818
CID100002826,CID000446220,446220,100002826
CID100002828,CID005284371,5284371,100002828
CID100002833,CID000006167,6167,100002833
CID100002881,CID000002881,2881,100002881
CID100002883,CID000688020,688020,100002883
CID100002891,CID005311498,5311498,100002891
CID100002895,CID000002895,2895,100002895
CID100002905,CID000002905,2905,100002905
CID100002907,CID000002907,2907,100002907
CID100002909,CID005280754,5280754,100002909
CID100002913,CID000002913,2913,100002913
CID100002914,CID000009880,9880,100002914
CID100002949,CID000028417,28417,100002949
CID100002951,CID006604100,6604100,100002951
CID100002955,CID000002955,2955,100002955
CID100002958,CID000030323,30323,100002958
CID100002972,CID000002972,2972,100002972
CID100002973,CID000002973,2973,100002973
CID100002978,CID000016078,16078,100002978
CID100002995,CID000002995,2995,100002995
CID100003000,CID000009793,9793,100003000
CID100003000,CID005311067,5311067,100003000
CID100003003,CID000005743,5743,100003003
CID100003003,CID000009782,9782,100003003
CID100003007,CID000003007,3007,100003007
CID100003007,CID000005825,5825,100003007
CID100003008,CID005360696,5360696,100003008
CID100003009,CID000003009,3009,100003009
CID100003015,CID005284537,5284537,100003015
CID100003016,CID000003016,3016,100003016
CID100003019,CID000003019,3019,100003019
CID100003032,CID000003032,3032,100003032
CID100003038,CID000003038,3038,100003038
CID100003040,CID000018381,18381,100003040
CID100003042,CID000003042,3042,100003042
CID100003043,CID000003043,3043,100003043
CID100003043,CID000050599,50599,100003043
CID100003053,CID000003053,3053,100003053
CID100003056,CID000071414,71414,100003056
CID100003059,CID000003059,3059,100003059
CID100003060,CID000443936,443936,100003060
CID100003062,CID002724385,2724385,100003062
CID100003063,CID005284543,5284543,100003063
CID100003066,CID000010531,10531,100003066
CID100003075,CID000039186,39186,100003075
CID100003080,CID000003080,3080,100003080
CID100003100,CID000003100,3100,100003100
CID100003105,CID000003105,3105,100003105
CID100003108,CID000003108,3108,100003108
CID100003114,CID000003114,3114,100003114
CID100003117,CID000003117,3117,100003117
CID100003121,CID000003121,3121,100003121
CID100003125,CID000441350,441350,100003125
CID100003143,CID000064780,64780,100003143
CID100003143,CID000148123,148123,100003143
CID100003148,CID014476155,14476155,100003148
CID100003151,CID000003151,3151,100003151
CID100003152,CID000003152,3152,100003152
CID100003154,CID000003154,3154,100003154
CID100003154,CID005284549,5284549,100003154
CID100003155,CID005282425,5282425,100003155
CID100003156,CID000003156,3156,100003156
CID100003157,CID000003157,3157,100003157
CID100003158,CID000003158,3158,100003158
CID100003158,CID000667477,667477,100003158
CID100003168,CID000003168,3168,100003168
CID100003171,CID000092974,92974,100003171
CID100003182,CID000003182,3182,100003182
CID100003198,CID000003198,3198,100003198
CID100003199,CID000108150,108150,100003199
CID100003202,CID000003202,3202,100003202
CID100003203,CID000064139,64139,100003203
CID100003209,CID000446284,446284,100003209
CID100003219,CID000003219,3219,100003219
CID100003222,CID005388961,5388961,100003222
CID100003226,CID000003226,3226,100003226
CID100003241,CID000003241,3241,100003241
CID100003249,CID005280793,5280793,100003249
CID100003250,CID000443884,443884,100003250
CID100003251,CID000008223,8223,100003251
CID100003255,CID000008233,8233,100003255
CID100003255,CID000012560,12560,100003255
CID100003256,CID000443953,443953,100003256
CID100003261,CID000003261,3261,100003261
CID100003263,CID000009403,9403,100003263
CID100003267,CID000013791,13791,100003267
CID100003268,CID000040291,40291,100003268
CID100003268,CID000259329,259329,100003268
CID100003269,CID000005756,5756,100003269
CID100003278,CID000003278,3278,100003278
CID100003279,CID000003279,3279,100003279
CID100003279,CID000014051,14051,100003279
CID100003291,CID000003291,3291,100003291
CID100003292,CID000003292,3292,100003292
CID100003305,CID000003305,3305,100003305
CID100003308,CID000003308,3308,100003308
CID100003310,CID000036462,36462,100003310
CID100003324,CID000003324,3324,100003324
CID100003325,CID005702160,5702160,100003325
CID100003331,CID000003331,3331,100003331
CID100003333,CID000003333,3333,100003333
CID100003339,CID000003339,3339,100003339
CID100003340,CID000003340,3340,100003340
CID100003342,CID000003342,3342,100003342
CID100003345,CID000003345,3345,100003345
CID100003348,CID000003348,3348,100003348
CID100003350,CID000057363,57363,100003350
CID100003354,CID000003354,3354,100003354
CID100003355,CID000003355,3355,100003355
CID100003363,CID000005790,5790,100003363
CID100003364,CID000003364,3364,100003364
CID100003364,CID000021319,21319,100003364
CID100003365,CID000003365,3365,100003365
CID100003366,CID000003366,3366,100003366
CID100003367,CID000657237,657237,100003367
CID100003368,CID000030751,30751,100003368
CID100003370,CID000225609,225609,100003370
CID100003372,CID000003372,3372,100003372
CID100003373,CID000003373,3373,100003373
CID100003375,CID000071415,71415,100003375
CID100003379,CID000082153,82153,100003379
CID100003380,CID000003380,3380,100003380
CID100003381,CID000006215,6215,100003381
CID100003382,CID000009642,9642,100003382
CID100003384,CID000009878,9878,100003384
CID100003385,CID000003385,3385,100003385
CID100003386,CID000003386,3386,100003386
CID100003387,CID000006446,6446,100003387
CID100003388,CID000003388,3388,100003388
CID100003392,CID000015209,15209,100003392
CID100003393,CID000003393,3393,100003393
CID100003394,CID000003394,3394,100003394
CID100003397,CID000003397,3397,100003397
CID100003399,CID000444036,444036,100003399
CID100003403,CID000446155,446155,100003403
CID100003404,CID005324345,5324345,100003404
CID100003405,CID000006037,6037,100003405
CID100003406,CID000003406,3406,100003406
CID100003410,CID000003410,3410,100003410
CID100003410,CID003034756,3034756,100003410
CID100003410,CID003083544,3083544,100003410
CID100003414,CID000003414,3414,100003414
CID100003417,CID000073491,73491,100003417
CID100003419,CID000055891,55891,100003419
CID100003419,CID006708482,6708482,100003419
CID100003425,CID005352062,5352062,100003425
CID100003440,CID000003440,3440,100003440
CID100003443,CID003000226,3000226,100003443
CID100003443,CID003032525,3032525,100003443
CID100003446,CID000003446,3446,100003446
CID100003449,CID000009651,9651,100003449
CID100003454,CID000003454,3454,100003454
CID100003461,CID000060749,60749,100003461
CID100003462,CID006434870,6434870,100003462
CID100003463,CID000003463,3463,100003463
CID100003467,CID000003467,3467,100003467
CID100003475,CID000003475,3475,100003475
CID100003476,CID000003476,3476,100003476
CID100003478,CID000003478,3478,100003478
CID100003488,CID000003488,3488,100003488
CID100003494,CID000003494,3494,100003494
CID100003510,CID000003510,3510,100003510
CID100003510,CID005284566,5284566,100003510
CID100003512,CID000441140,441140,100003512
CID100003516,CID000003516,3516,100003516
CID100003517,CID000003517,3517,100003517
CID100003519,CID000003519,3519,100003519
CID100003520,CID000003520,3520,100003520
CID100003553,CID000018342,18342,100003553
CID100003553,CID000443943,443943,100003553
CID100003559,CID000003559,3559,100003559
CID100003598,CID000003598,3598,100003598
CID100003623,CID000003623,3623,100003623
CID100003623,CID005282593,5282593,100003623
CID100003636,CID000009003,9003,100003636
CID100003637,CID000003637,3637,100003637
CID100003639,CID000003639,3639,100003639
CID100003640,CID000005754,5754,100003640
CID100003642,CID000026133,26133,100003642
CID100003647,CID000003647,3647,100003647
CID100003648,CID005284570,5284570,100003648
CID100003652,CID000003652,3652,100003652
CID100003657,CID000003657,3657,100003657
CID100003658,CID000003658,3658,100003658
CID100003661,CID000003661,3661,100003661
CID100003661,CID000154417,154417,100003661
CID100003661,CID000174174,174174,100003661
CID100003672,CID000003672,3672,100003672
CID100003675,CID000003675,3675,100003675
CID100003676,CID000003676,3676,100003676
CID100003685,CID000042593,42593,100003685
CID100003685,CID000042890,42890,100003685
CID100003687,CID000005905,5905,100003687
CID100003690,CID000003690,3690,100003690
CID100003696,CID000003696,3696,100003696
CID100003702,CID000003702,3702,100003702
CID100003706,CID005362440,5362440,100003706
CID100003715,CID000003715,3715,100003715
CID100003724,CID000003724,3724,100003724
CID100003730,CID000003730,3730,100003730
CID100003734,CID000065492,65492,100003734
CID100003736,CID000003736,3736,100003736
CID100003737,CID000003737,3737,100003737
CID100003738,CID000003738,3738,100003738
CID100003739,CID000003739,3739,100003739
CID100003741,CID000003741,3741,100003741
CID100003742,CID000003742,3742,100003742
CID100003743,CID000003743,3743,100003743
CID100003746,CID000003746,3746,100003746
CID100003746,CID000043232,43232,100003746
CID100003749,CID000003749,3749,100003749
CID100003750,CID000060837,60837,100003750
CID100003759,CID000003759,3759,100003759
CID100003763,CID000003763,3763,100003763
CID100003767,CID000003767,3767,100003767
CID100003777,CID005282175,5282175,100003777
CID100003779,CID000003779,3779,100003779
CID100003780,CID000006883,6883,100003780
CID100003783,CID000003783,3783,100003783
CID100003784,CID000003784,3784,100003784
CID100003793,CID000055283,55283,100003793
CID100003821,CID000003821,3821,100003821
CID100003823,CID000456201,456201,100003823
CID100003825,CID000003825,3825,100003825
CID100003826,CID000003826,3826,100003826
CID100003827,CID000003827,3827,100003827
CID100003830,CID000003830,3830,100003830
CID100003848,CID000003848,3848,100003848
CID100003869,CID000003869,3869,100003869
CID100003872,CID000011333,11333,100003872
CID100003877,CID000060825,60825,100003877
CID100003878,CID000003878,3878,100003878
CID100003883,CID000003883,3883,100003883
CID100003883,CID009578005,9578005,100003883
CID100003890,CID005282380,5282380,100003890
CID100003890,CID005311221,5311221,100003890
CID100003899,CID000003899,3899,100003899
CID100003902,CID000003902,3902,100003902
CID100003911,CID000657180,657180,100003911
CID100003914,CID000039468,39468,100003914
CID100003915,CID000054384,54384,100003915
CID100003916,CID000072286,72286,100003916
CID100003918,CID005359272,5359272,100003918
CID100003928,CID000064710,64710,100003928
CID100003929,CID000441401,441401,100003929
CID100003937,CID005362118,5362118,100003937
CID100003938,CID000028864,28864,100003938
CID100003939,CID000003939,3939,100003939
CID100003948,CID000003948,3948,100003948
CID100003950,CID000003950,3950,100003950
CID100003954,CID000003954,3954,100003954
CID100003957,CID000003957,3957,100003957
CID100003958,CID000003958,3958,100003958
CID100003961,CID000003961,3961,100003961
CID100003962,CID000053232,53232,100003962
CID100003964,CID000003964,3964,100003964
CID100003998,CID000003998,3998,100003998
CID100004004,CID000004004,4004,100004004
CID100004011,CID000004011,4011,100004011
CID100004030,CID000004030,4030,100004030
CID100004031,CID000004031,4031,100004031
CID100004032,CID000004032,4032,100004032
CID100004033,CID000004033,4033,100004033
CID100004034,CID000004034,4034,100004034
CID100004036,CID000004036,4036,100004036
CID100004042,CID000006279,6279,100004042
CID100004043,CID000247839,247839,100004043
CID100004044,CID000004044,4044,100004044
CID100004046,CID000040692,40692,100004046
CID100004048,CID000011683,11683,100004048
CID100004051,CID000004051,4051,100004051
CID100004053,CID000460612,460612,100004053
CID100004054,CID000004054,4054,100004054
CID100004057,CID000004057,4057,100004057
CID100004058,CID000004058,4058,100004058
CID100004060,CID000004060,4060,100004060
CID100004062,CID000004062,4062,100004062
CID100004064,CID000004064,4064,100004064
CID100004075,CID000004075,4075,100004075
CID100004086,CID000004086,4086,100004086
CID100004091,CID000004091,4091,100004091
CID100004095,CID000004095,4095,100004095
CID100004101,CID000004101,4101,100004101
CID100004107,CID000004107,4107,100004107
CID100004112,CID000126941,126941,100004112
CID100004114,CID000004114,4114,100004114
CID100004120,CID000004120,4120,100004120
CID100004120,CID049800046,49800046,100004120
CID100004121,CID000004121,4121,100004121
CID100004138,CID000038852,38852,100004138
CID100004139,CID000004139,4139,100004139
CID100004140,CID000008226,8226,100004140
CID100004158,CID000004158,4158,100004158
CID100004158,CID000154100,154100,100004158
CID100004159,CID000006741,6741,100004159
CID100004160,CID000006010,6010,100004160
CID100004163,CID000009681,9681,100004163
CID100004168,CID000004168,4168,100004168
CID100004170,CID000004170,4170,100004170
CID100004171,CID000004171,4171,100004171
CID100004173,CID000004173,4173,100004173
CID100004174,CID000004174,4174,100004174
CID100004178,CID000004178,4178,100004178
CID100004184,CID000004184,4184,100004184
CID100004189,CID000004189,4189,100004189
CID100004192,CID000004192,4192,100004192
CID100004195,CID000004195,4195,100004195
CID100004196,CID000055245,55245,100004196
CID100004197,CID000004197,4197,100004197
CID100004201,CID000004201,4201,100004201
CID100004205,CID000004205,4205,100004205
CID100004211,CID000004211,4211,100004211
CID100004212,CID000004212,4212,100004212
CID100004235,CID000004235,4235,100004235
CID100004236,CID000004236,4236,100004236
CID100004236,CID009690109,9690109,100004236
CID100004240,CID000055188,55188,100004240
CID100004240,CID000441336,441336,100004240
CID100004248,CID005281040,5281040,100004248
CID100004253,CID000004253,4253,100004253
CID100004253,CID005288826,5288826,100004253
CID100004259,CID000101526,101526,100004259
CID100004264,CID000446596,446596,100004264
CID100004271,CID005281078,5281078,100004271
CID100004272,CID000446541,446541,100004272
CID100004274,CID000004274,4274,100004274
CID100004409,CID000004409,4409,100004409
CID100004411,CID000039147,39147,100004411
CID100004419,CID005311304,5311304,100004419
CID100004421,CID000004421,4421,100004421
CID100004422,CID005284594,5284594,100004422
CID100004425,CID005284596,5284596,100004425
CID100004428,CID005360515,5360515,100004428
CID100004432,CID000009677,9677,100004432
CID100004436,CID000004436,4436,100004436
CID100004440,CID000004440,4440,100004440
CID100004443,CID000060026,60026,100004443
CID100004443,CID005311309,5311309,100004443
CID100004449,CID000004449,4449,100004449
CID100004450,CID000004450,4450,100004450
CID100004451,CID000064142,64142,100004451
CID100004454,CID000004454,4454,100004454
CID100004454,CID000008378,8378,100004454
CID100004456,CID000004456,4456,100004456
CID100004463,CID000004463,4463,100004463
CID100004473,CID000004473,4473,100004473
CID100004485,CID000004485,4485,100004485
CID100004493,CID000004493,4493,100004493
CID100004497,CID000004497,4497,100004497
CID100004499,CID000004499,4499,100004499
CID100004506,CID000004506,4506,100004506
CID100004509,CID006604200,6604200,100004509
CID100004510,CID000004510,4510,100004510
CID100004513,CID003033637,3033637,100004513
CID100004536,CID000006230,6230,100004536
CID100004539,CID000004539,4539,100004539
CID100004542,CID000013109,13109,100004542
CID100004543,CID000004543,4543,100004543
CID100004547,CID000065981,65981,100004547
CID100004568,CID006433272,6433272,100004568
CID100004583,CID000004583,4583,100004583
CID100004583,CID000149096,149096,100004583
CID100004585,CID000004585,4585,100004585
CID100004594,CID000004594,4594,100004594
CID100004594,CID009579578,9579578,100004594
CID100004595,CID000004595,4595,100004595
CID100004599,CID003034010,3034010,100004599
CID100004601,CID000004601,4601,100004601
CID100004603,CID000065028,65028,100004603
CID100004607,CID000006196,6196,100004607
CID100004609,CID000004609,4609,100004609
CID100004614,CID000004614,4614,100004614
CID100004616,CID000004616,4616,100004616
CID100004623,CID005353853,5353853,100004623
CID100004631,CID000004631,4631,100004631
CID100004634,CID000004634,4634,100004634
CID100004635,CID005284603,5284603,100004635
CID100004638,CID005281034,5281034,100004638
CID100004639,CID005284604,5284604,100004639
CID100004649,CID000004649,4649,100004649
CID100004666,CID000441276,441276,100004666
CID100004666,CID005352019,5352019,100004666
CID100004673,CID000004673,4673,100004673
CID100004675,CID000027350,27350,100004675
CID100004678,CID000131204,131204,100004678
CID100004679,CID000004679,4679,100004679
CID100004680,CID000004680,4680,100004680
CID100004689,CID000165579,165579,100004689
CID100004691,CID000043815,43815,100004691
CID100004695,CID000004695,4695,100004695
CID100004724,CID000037464,37464,100004724
CID100004725,CID000004725,4725,100004725
CID100004727,CID000005852,5852,100004727
CID100004730,CID000006869,6869,100004730
CID100004735,CID000004735,4735,100004735
CID100004736,CID000441277,441277,100004736
CID100004737,CID000004737,4737,100004737
CID100004739,CID000439693,439693,100004739
CID100004740,CID000004740,4740,100004740
CID100004745,CID000047811,47811,100004745
CID100004746,CID000004746,4746,100004746
CID100004747,CID000004747,4747,100004747
CID100004748,CID000004748,4748,100004748
CID100004756,CID000004756,4756,100004756
CID100004763,CID000004763,4763,100004763
CID100004768,CID000004768,4768,100004768
CID100004771,CID000004771,4771,100004771
CID100004775,CID000004775,4775,100004775
CID100004782,CID000006041,6041,100004782
CID100004786,CID000026934,26934,100004786
CID100004810,CID000004810,4810,100004810
CID100004811,CID000005983,5983,100004811
CID100004812,CID005280483,5280483,100004812
CID100004819,CID000005909,5909,100004819
CID100004828,CID000004828,4828,100004828
CID100004829,CID000004829,4829,100004829
CID100004834,CID000043672,43672,100004834
CID100004845,CID000004845,4845,100004845
CID100004865,CID000010607,10607,100004865
CID100004868,CID049800003,49800003,100004868
CID100004870,CID000004870,4870,100004870
CID100004885,CID000119569,119569,100004885
CID100004889,CID000054687,54687,100004889
CID100004891,CID000004891,4891,100004891
CID100004893,CID000004893,4893,100004893
CID100004894,CID000005755,5755,100004894
CID100004895,CID000005834,5834,100004895
CID100004896,CID000004896,4896,100004896
CID100004900,CID000005865,5865,100004900
CID100004906,CID000004906,4906,100004906
CID100004908,CID000004908,4908,100004908
CID100004909,CID000004909,4909,100004909
CID100004911,CID000004911,4911,100004911
CID100004913,CID000004913,4913,100004913
CID100004914,CID000004914,4914,100004914
CID100004915,CID000004915,4915,100004915
CID100004917,CID000004917,4917,100004917
CID100004920,CID000005994,5994,100004920
CID100004923,CID006178111,6178111,100004923
CID100004927,CID000004927,4927,100004927
CID100004932,CID000004932,4932,100004932
CID100004934,CID000004934,4934,100004934
CID100004935,CID000004935,4935,100004935
CID100004943,CID000004943,4943,100004943
CID100004946,CID000004946,4946,100004946
CID100004976,CID000004976,4976,100004976
CID100004989,CID000708857,708857,100004989
CID100004991,CID000004991,4991,100004991
CID100004992,CID000004992,4992,100004992
CID100004993,CID000004993,4993,100004993
CID100004999,CID000004999,4999,100004999
CID100005002,CID000005002,5002,100005002
CID100005005,CID000054891,54891,100005005
CID100005029,CID000005029,5029,100005029
CID100005032,CID000007028,7028,100005032
CID100005032,CID000009294,9294,100005032
CID100005035,CID000005035,5035,100005035
CID100005038,CID005362129,5362129,100005038
CID100005039,CID003001055,3001055,100005039
CID100005040,CID005284616,5284616,100005040
CID100005051,CID005280954,5280954,100005051
CID100005052,CID000005770,5770,100005052
CID100005064,CID000037542,37542,100005064
CID100005070,CID000005070,5070,100005070
CID100005071,CID000005071,5071,100005071
CID100005073,CID000005073,5073,100005073
CID100005076,CID000392622,392622,100005076
CID100005077,CID000077990,77990,100005077
CID100005078,CID000005078,5078,100005078
CID100005090,CID000005090,5090,100005090
CID100005095,CID000005095,5095,100005095
CID100005106,CID005480431,5480431,100005106
CID100005106,CID009567573,9567573,100005106
CID100005152,CID000005152,5152,100005152
CID100005155,CID000018283,18283,100005155
CID100005161,CID000005161,5161,100005161
CID100005184,CID000005184,5184,100005184
CID100005184,CID002723876,2723876,100005184
CID100005193,CID000005193,5193,100005193
CID100005195,CID000026757,26757,100005195
CID100005203,CID000063009,63009,100005203
CID100005206,CID000005206,5206,100005206
CID100005210,CID000005210,5210,100005210
CID100005212,CID000005212,5212,100005212
CID100005214,CID000005214,5214,100005214
CID100005215,CID000005215,5215,100005215
CID100005238,CID000005238,5238,100005238
CID100005245,CID000005245,5245,100005245
CID100005248,CID000005248,5248,100005248
CID100005253,CID000005253,5253,100005253
CID100005257,CID000060464,60464,100005257
CID100005267,CID000005833,5833,100005267
CID100005291,CID000005291,5291,100005291
CID100005297,CID006419957,6419957,100005297
CID100005300,CID000029327,29327,100005300
CID100005311,CID000005311,5311,100005311
CID100005314,CID000005314,5314,100005314
CID100005318,CID000005318,5318,100005318
CID100005320,CID000005320,5320,100005320
CID100005329,CID000005329,5329,100005329
CID100005333,CID000005333,5333,100005333
CID100005352,CID001548886,1548886,100005352
CID100005358,CID000005358,5358,100005358
CID100005359,CID000005359,5359,100005359
CID100005372,CID000445643,445643,100005372
CID100005372,CID006435755,6435755,100005372
CID100005376,CID002733525,2733525,100005376
CID100005376,CID003032583,3032583,100005376
CID100005379,CID000005379,5379,100005379
CID100005381,CID000005381,5381,100005381
CID100005391,CID000005391,5391,100005391
CID100005394,CID000005394,5394,100005394
CID100005396,CID000452548,452548,100005396
CID100005401,CID000005401,5401,100005401
CID100005402,CID001549007,1549007,100005402
CID100005403,CID000005403,5403,100005403
CID100005404,CID000441383,441383,100005404
CID100005407,CID000013769,13769,100005407
CID100005408,CID000006013,6013,100005408
CID100005409,CID000009416,9416,100005409
CID100005410,CID000005995,5995,100005410
CID100005411,CID000005411,5411,100005411
CID100005419,CID000005419,5419,100005419
CID100005426,CID000005426,5426,100005426
CID100005430,CID000005430,5430,100005430
CID100005452,CID000005452,5452,100005452
CID100005453,CID000005453,5453,100005453
CID100005454,CID000941650,941650,100005454
CID100005454,CID000941651,941651,100005454
CID100005466,CID000060648,60648,100005466
CID100005468,CID000005468,5468,100005468
CID100005470,CID000021844,21844,100005470
CID100005470,CID000444008,444008,100005470
CID100005472,CID000005472,5472,100005472
CID100005478,CID000033624,33624,100005478
CID100005479,CID000005479,5479,100005479
CID100005483,CID000005483,5483,100005483
CID100005486,CID000060946,60946,100005486
CID100005487,CID000005487,5487,100005487
CID100005496,CID000036294,36294,100005496
CID100005503,CID000005503,5503,100005503
CID100005505,CID000005505,5505,100005505
CID100005508,CID000005508,5508,100005508
CID100005512,CID000060774,60774,100005512
CID100005512,CID000443878,443878,100005512
CID100005514,CID005284627,5284627,100005514
CID100005515,CID000060699,60699,100005515
CID100005516,CID003005572,3005572,100005516
CID100005523,CID000033741,33741,100005523
CID100005524,CID000005524,5524,100005524
CID100005525,CID005484727,5484727,100005525
CID100005526,CID000005526,5526,100005526
CID100005530,CID000005530,5530,100005530
CID100005530,CID000026069,26069,100005530
CID100005533,CID000005533,5533,100005533
CID100005538,CID000444795,444795,100005538
CID100005538,CID000449171,449171,100005538
CID100005538,CID005282379,5282379,100005538
CID100005544,CID000031307,31307,100005544
CID100005546,CID000005546,5546,100005546
CID100005556,CID000005556,5556,100005556
CID100005564,CID000005564,5564,100005564
CID100005565,CID000005565,5565,100005565
CID100005566,CID000005566,5566,100005566
CID100005572,CID000005572,5572,100005572
CID100005576,CID000005576,5576,100005576
CID100005577,CID000005577,5577,100005577
CID100005578,CID000005578,5578,100005578
CID100005582,CID000005582,5582,100005582
CID100005584,CID000005584,5584,100005584
CID100005591,CID000005591,5591,100005591
CID100005593,CID000005593,5593,100005593
CID100005595,CID000072165,72165,100005595
CID100005596,CID000005596,5596,100005596
CID100005596,CID003034812,3034812,100005596
CID100005625,CID000005625,5625,100005625
CID100005636,CID005311236,5311236,100005636
CID100005645,CID000010133,10133,100005645
CID100005645,CID000031401,31401,100005645
CID100005647,CID000060772,60772,100005647
CID100005650,CID000060846,60846,100005650
CID100005651,CID000014969,14969,100005651
CID100005651,CID000014970,14970,100005651
CID100005656,CID000005656,5656,100005656
CID100005665,CID000005665,5665,100005665
CID100005672,CID000060779,60779,100005672
CID100005717,CID000005717,5717,100005717
CID100005718,CID000024066,24066,100005718
CID100005719,CID000005719,5719,100005719
CID100005721,CID000060855,60855,100005721
CID100005726,CID000035370,35370,100005726
CID100005727,CID003007855,3007855,100005727
CID100005731,CID000060857,60857,100005731
CID100005732,CID000005732,5732,100005732
CID100005734,CID000005734,5734,100005734
CID100005735,CID000005735,5735,100005735
CID100005735,CID000969472,969472,100005735
CID100005746,CID000005746,5746,100005746
CID100005771,CID000005771,5771,100005771
CID100005771,CID000439302,439302,100005771
CID100005775,CID000005775,5775,100005775
CID100005877,CID000005877,5877,100005877
CID100005878,CID000005878,5878,100005878
CID100005939,CID000005939,5939,100005939
CID100005978,CID000005978,5978,100005978
CID100005978,CID006324671,6324671,100005978
CID100006018,CID000006018,6018,100006018
CID100006049,CID000006049,6049,100006049
CID100006058,CID000006058,6058,100006058
CID100006116,CID000006116,6116,100006116
CID100006238,CID000006238,6238,100006238
CID100006256,CID000006256,6256,100006256
CID100006432,CID000006432,6432,100006432
CID100006436,CID000006436,6436,100006436
CID100006451,CID000006451,6451,100006451
CID100006468,CID000006468,6468,100006468
CID100006476,CID000006476,6476,100006476
CID100006503,CID000006503,6503,100006503
CID100006726,CID000006726,6726,100006726
CID100007012,CID000007012,7012,100007012
CID100007029,CID000007029,7029,100007029
CID100007187,CID000007187,7187,100007187
CID100007638,CID000007638,7638,100007638
CID100007699,CID000007699,7699,100007699
CID100008197,CID000008197,8197,100008197
CID100008230,CID000008230,8230,100008230
CID100008612,CID000008612,8612,100008612
CID100008982,CID000008982,8982,100008982
CID100008982,CID000023568,23568,100008982
CID100009034,CID000009034,9034,100009034
CID100009354,CID002724354,2724354,100009354
CID100009433,CID000009433,9433,100009433
CID100009904,CID000009904,9904,100009904
CID100010100,CID000010100,10100,100010100
CID100010340,CID000010340,10340,100010340
CID100010413,CID000010413,10413,100010413
CID100010547,CID000010547,10547,100010547
CID100010631,CID000010631,10631,100010631
CID100010660,CID000010660,10660,100010660
CID100011125,CID000011125,11125,100011125
CID100011973,CID000011973,11973,100011973
CID100012453,CID005311507,5311507,100012453
CID100012460,CID000012460,12460,100012460
CID100012536,CID000012536,12536,100012536
CID100012536,CID005311066,5311066,100012536
CID100012555,CID000012555,12555,100012555
CID100012559,CID000012559,12559,100012559
CID100012597,CID000012597,12597,100012597
CID100012620,CID000012620,12620,100012620
CID100013314,CID000013314,13314,100013314
CID100013342,CID000013342,13342,100013342
CID100013342,CID000241902,241902,100013342
CID100014789,CID000014789,14789,100014789
CID100014888,CID000014888,14888,100014888
CID100014917,CID000014917,14917,100014917
CID100015232,CID000015232,15232,100015232
CID100015459,CID000015459,15459,100015459
CID100016124,CID000016124,16124,100016124
CID100016230,CID000016230,16230,100016230
CID100016362,CID000016362,16362,100016362
CID100016533,CID000016533,16533,100016533
CID100016850,CID000016850,16850,100016850
CID100016886,CID000016886,16886,100016886
CID100016886,CID000451668,451668,100016886
CID100017358,CID000017358,17358,100017358
CID100018140,CID000259331,259331,100018140
CID100019090,CID000019090,19090,100019090
CID100020585,CID000020585,20585,100020585
CID100020969,CID005311052,5311052,100020969
CID100021800,CID000021800,21800,100021800
CID100021945,CID000021945,21945,100021945
CID100022258,CID005284569,5284569,100022258
CID100022318,CID000022318,22318,100022318
CID100022502,CID000022502,22502,100022502
CID100023703,CID005284555,5284555,100023703
CID100023897,CID000023897,23897,100023897
CID100023925,CID000023925,23925,100023925
CID100023926,CID000023926,23926,100023926
CID100023951,CID000023951,23951,100023951
CID100023954,CID000023954,23954,100023954
CID100023957,CID000023957,23957,100023957
CID100023976,CID000023976,23976,100023976
CID100023978,CID000023978,23978,100023978
CID100023982,CID000023982,23982,100023982
CID100023993,CID000023993,23993,100023993
CID100023994,CID000023994,23994,100023994
CID100024087,CID000024087,24087,100024087
CID100024414,CID000024414,24414,100024414
CID100024424,CID000024424,24424,100024424
CID100024450,CID000024450,24450,100024450
CID100024642,CID000024642,24642,100024642
CID100024642,CID000072170,72170,100024642
CID100024642,CID016019977,16019977,100024642
CID100024706,CID000024706,24706,100024706
CID100024748,CID000064730,64730,100024748
CID100024841,CID000024841,24841,100024841
CID100025419,CID000025419,25419,100025419
CID100025959,CID000025959,25959,100025959
CID100027304,CID000027304,27304,100027304
CID100027400,CID000027400,27400,100027400
CID100027661,CID000027661,27661,100027661
CID100027991,CID000027991,27991,100027991
CID100027991,CID005311065,5311065,100027991
CID100027993,CID000168708,168708,100027993
CID100028332,CID000028332,28332,100028332
CID100028486,CID000028486,28486,100028486
CID100029089,CID000029089,29089,100029089
CID100030623,CID000071384,71384,100030623
CID100031072,CID000031072,31072,100031072
CID100031264,CID000031264,31264,100031264
CID100031378,CID000031378,31378,100031378
CID100031477,CID000031477,31477,100031477
CID100032169,CID000032169,32169,100032169
CID100032281,CID000638678,638678,100032281
CID100032603,CID000032603,32603,100032603
CID100032603,CID000443385,443385,100032603
CID100032797,CID005311051,5311051,100032797
CID100032800,CID009833444,9833444,100032800
CID100034312,CID000034312,34312,100034312
CID100036339,CID000036339,36339,100036339
CID100036523,CID000036523,36523,100036523
CID100036811,CID000036811,36811,100036811
CID100037392,CID000037392,37392,100037392
CID100037720,CID000037720,37720,100037720
CID100038904,CID000038904,38904,100038904
CID100039042,CID000039042,39042,100039042
CID100039507,CID000039507,39507,100039507
CID100039507,CID005311412,5311412,100039507
CID100039524,CID005311454,5311454,100039524
CID100039764,CID000039764,39764,100039764
CID100039860,CID000039860,39860,100039860
CID100040159,CID000040326,40326,100040159
CID100040632,CID000040632,40632,100040632
CID100040703,CID000040703,40703,100040703
CID100040973,CID000040973,40973,100040973
CID100040976,CID000040976,40976,100040976
CID100040976,CID006917715,6917715,100040976
CID100041317,CID005284513,5284513,100041317
CID100041684,CID000041684,41684,100041684
CID100041693,CID000041693,41693,100041693
CID100041744,CID000041744,41744,100041744
CID100041774,CID000041774,41774,100041774
CID100041781,CID000041781,41781,100041781
CID100042113,CID000042113,42113,100042113
CID100042395,CID000042395,42395,100042395
CID100042615,CID000050224,50224,100042615
CID100042955,CID005282381,5282381,100042955
CID100044563,CID000044563,44563,100044563
CID100044564,CID000044564,44564,100044564
CID100045469,CID000045469,45469,100045469
CID100047319,CID000047319,47319,100047319
CID100047320,CID000047320,47320,100047320
CID100047320,CID000062886,62886,100047320
CID100047419,CID006321416,6321416,100047419
CID100047471,CID000047471,47471,100047471
CID100047528,CID000047528,47528,100047528
CID100047640,CID000047641,47641,100047640
CID100047725,CID000047725,47725,100047725
CID100050294,CID000050294,50294,100050294
CID100050614,CID000053024,53024,100050614
CID100051263,CID000051263,51263,100051263
CID100051577,CID000441314,441314,100051577
CID100051634,CID000051634,51634,100051634
CID100052421,CID000052421,52421,100052421
CID100052421,CID006714002,6714002,100052421
CID100054158,CID000054158,54158,100054158
CID100054313,CID005311181,5311181,100054313
CID100054313,CID006435378,6435378,100054313
CID100054331,CID000054331,54331,100054331
CID100054373,CID000054373,54373,100054373
CID100054373,CID000383413,383413,100054373
CID100054454,CID000054454,54454,100054454
CID100054547,CID006335986,6335986,100054547
CID100054688,CID000084029,84029,100054688
CID100054786,CID000054786,54786,100054786
CID100054786,CID006918140,6918140,100054786
CID100054808,CID000444025,444025,100054808
CID100054840,CID000054840,54840,100054840
CID100054949,CID000054949,54949,100054949
CID100055331,CID000055331,55331,100055331
CID100055466,CID000055466,55466,100055466
CID100055480,CID000055480,55480,100055480
CID100055480,CID006917778,6917778,100055480
CID100056338,CID000056338,56338,100056338
CID100056959,CID000056959,56959,100056959
CID100057166,CID000057166,57166,100057166
CID100057469,CID000057469,57469,100057469
CID100057537,CID000059226,59226,100057537
CID100057697,CID000057697,57697,100057697
CID100059708,CID005284583,5284583,100059708
CID100059768,CID000059768,59768,100059768
CID100060146,CID000129211,129211,100060146
CID100060164,CID000060164,60164,100060164
CID100060172,CID000060172,60172,100060172
CID100060183,CID000441313,441313,100060183
CID100060184,CID000060184,60184,100060184
CID100060184,CID000107807,107807,100060184
CID100060198,CID000060198,60198,100060198
CID100060490,CID000060490,60490,100060490
CID100060496,CID000060496,60496,100060496
CID100060612,CID000060612,60612,100060612
CID100060612,CID005311068,5311068,100060612
CID100060613,CID000060613,60613,100060613
CID100060613,CID000466146,466146,100060613
CID100060668,CID000060668,60668,100060668
CID100060695,CID000441290,441290,100060695
CID100060706,CID000060706,60706,100060706
CID100060706,CID000441129,441129,100060706
CID100060714,CID000060714,60714,100060714
CID100060726,CID000060726,60726,100060726
CID100060751,CID000060751,60751,100060751
CID100060752,CID000060752,60752,100060752
CID100060754,CID000060754,60754,100060754
CID100060787,CID000060934,60934,100060787
CID100060795,CID000060795,60795,100060795
CID100060814,CID000060814,60814,100060814
CID100060830,CID000060830,60830,100060830
CID100060834,CID000060834,60834,100060834
CID100060843,CID000060843,60843,100060843
CID100060852,CID000060852,60852,100060852
CID100060853,CID000060853,60853,100060853
CID100060860,CID000060860,60860,100060860
CID100060860,CID000135326,135326,100060860
CID100060864,CID005281071,5281071,100060864
CID100060867,CID003033825,3033825,100060867
CID100060871,CID000060871,60871,100060871
CID100060877,CID000060877,60877,100060877
CID100060878,CID005281037,5281037,100060878
CID100060936,CID000060936,60936,100060936
CID100060953,CID000060953,60953,100060953
CID100061475,CID000061475,61475,100061475
CID100061799,CID000061799,61799,100061799
CID100062305,CID000062305,62305,100062305
CID100062358,CID000062358,62358,100062358
CID100062816,CID000062816,62816,100062816
CID100062819,CID000062819,62819,100062819
CID100062924,CID005311101,5311101,100062924
CID100062956,CID000062956,62956,100062956
CID100062959,CID000062959,62959,100062959
CID100062965,CID000062965,62965,100062965
CID100063001,CID005463984,5463984,100063001
CID100064147,CID000064147,64147,100064147
CID100064778,CID000064778,64778,100064778
CID100064929,CID000064929,64929,100064929
CID100064987,CID000464205,464205,100064987
CID100065014,CID000065014,65014,100065014
CID100065157,CID000065157,65157,100065157
CID100065281,CID000065281,65281,100065281
CID100065281,CID006714010,6714010,100065281
CID100065370,CID000065370,65370,100065370
CID100065628,CID000065628,65628,100065628
CID100065840,CID000065840,65840,100065840
CID100065856,CID000065856,65856,100065856
CID100065863,CID000065863,65863,100065863
CID100065866,CID000065866,65866,100065866
CID100065999,CID000065999,65999,100065999
CID100068613,CID000068613,68613,100068613
CID100068740,CID000068740,68740,100068740
CID100068844,CID000068844,68844,100068844
CID100069512,CID000069512,69512,100069512
CID100071158,CID000071158,71158,100071158
CID100071273,CID000175804,175804,100071273
CID100071301,CID000071301,71301,100071301
CID100071316,CID005281042,5281042,100071316
CID100071329,CID000071329,71329,100071329
CID100071348,CID000071348,71348,100071348
CID100071348,CID006918010,6918010,100071348
CID100071360,CID000071360,71360,100071360
CID100071362,CID006918172,6918172,100071362
CID100071406,CID000071406,71406,100071406
CID100071436,CID005282415,5282415,100071436
CID100071469,CID000071469,71469,100071469
CID100071616,CID000071616,71616,100071616
CID100072022,CID000072022,72022,100072022
CID100072054,CID000444030,444030,100072054
CID100072081,CID000072081,72081,100072081
CID100072111,CID006436173,6436173,100072111
CID100072466,CID000072466,72466,100072466
CID100072466,CID005360373,5360373,100072466
CID100072938,CID009571107,9571107,100072938
CID100073303,CID000073303,73303,100073303
CID100073658,CID003002190,3002190,100073658
CID100074989,CID000074989,74989,100074989
CID100077992,CID000077992,77992,100077992
CID100077993,CID000077993,77993,100077993
CID100077996,CID005281104,5281104,100077996
CID100077997,CID000077997,77997,100077997
CID100077998,CID000077998,77998,100077998
CID100078032,CID000078032,78032,100078032
CID100082146,CID000082146,82146,100082146
CID100082148,CID000082148,82148,100082148
CID100083030,CID000083030,83030,100083030
CID100083513,CID000104810,104810,100083513
CID100083606,CID000104798,104798,100083606
CID100084003,CID000084003,84003,100084003
CID100091488,CID000091488,91488,100091488
CID100093860,CID000387447,387447,100093860
CID100096312,CID003011155,3011155,100096312
CID100102258,CID000474409,474409,100102258
CID100102399,CID005460037,5460037,100102399
CID100104741,CID000104741,104741,100104741
CID100104758,CID000104758,104758,100104758
CID100104778,CID000441193,441193,100104778
CID100104799,CID000104799,104799,100104799
CID100104849,CID000104849,104849,100104849
CID100104865,CID000104865,104865,100104865
CID100105145,CID000105145,105145,100105145
CID100107694,CID000107694,107694,100107694
CID100107969,CID000107969,107969,100107969
CID100107994,CID000107994,107994,100107994
CID100110634,CID000110634,110634,100110634
CID100110635,CID000110635,110635,100110635
CID100114709,CID009881504,9881504,100114709
CID100115237,CID000115237,115237,100115237
CID100115355,CID000115355,115355,100115355
CID100119182,CID000119182,119182,100119182
CID100119212,CID000119212,119212,100119212
CID100119607,CID000119607,119607,100119607
CID100119828,CID000119828,119828,100119828
CID100119830,CID005481350,5481350,100119830
CID100121396,CID000121396,121396,100121396
CID100121749,CID000121749,121749,100121749
CID100121892,CID000121892,121892,100121892
CID100122197,CID003086674,3086674,100122197
CID100122316,CID003052775,3052775,100122316
CID100123015,CID005329098,5329098,100123015
CID100123597,CID005282226,5282226,100123597
CID100123606,CID000123606,123606,100123606
CID100123610,CID000123610,123610,100123610
CID100123610,CID000448812,448812,100123610
CID100123611,CID000123611,123611,100123611
CID100123611,CID000636380,636380,100123611
CID100123619,CID000123619,123619,100123619
CID100123620,CID000441335,441335,100123620
CID100123623,CID002826718,2826718,100123623
CID100123631,CID000123631,123631,100123631
CID100123634,CID000123634,123634,100123634
CID100123809,CID000123809,123809,100123809
CID100124087,CID000124087,124087,100124087
CID100125017,CID000125017,125017,100125017
CID100125889,CID005486971,5486971,100125889
CID100127909,CID005311027,5311027,100127909
CID100128549,CID005464097,5464097,100128549
CID100129228,CID000129228,129228,100129228
CID100129806,CID000446157,446157,100129806
CID100130564,CID009568613,9568613,100130564
CID100130881,CID000130881,130881,100130881
CID100131535,CID000131535,131535,100131535
CID100132804,CID005282451,5282451,100132804
CID100132971,CID000132971,132971,100132971
CID100132999,CID000132999,132999,100132999
CID100134018,CID000134018,134018,100134018
CID100134019,CID000134019,134019,100134019
CID100134780,CID000134780,134780,100134780
CID100135113,CID000135113,135113,100135113
CID100145068,CID000145068,145068,100145068
CID100147740,CID000147740,147740,100147740
CID100147912,CID000468595,468595,100147912
CID100148121,CID000148121,148121,100148121
CID100148127,CID003036505,3036505,100148127
CID100148191,CID006918289,6918289,100148191
CID100148191,CID024847874,24847874,100148191
CID100148192,CID000148192,148192,100148192
CID100148211,CID000148211,148211,100148211
CID100148211,CID006337614,6337614,100148211
CID100150310,CID000443872,443872,100150310
CID100150310,CID024847741,24847741,100150310
CID100150311,CID000150311,150311,100150311
CID100150610,CID000150610,150610,100150610
CID100151075,CID000151075,151075,100151075
CID100151165,CID000151165,151165,100151165
CID100151165,CID006918365,6918365,100151165
CID100151171,CID000151171,151171,100151171
CID100152945,CID000152945,152945,100152945
CID100152945,CID006918296,6918296,100152945
CID100153941,CID000153941,153941,100153941
CID100153994,CID000153994,153994,100153994
CID100154058,CID000154058,154058,100154058
CID100154256,CID000154256,154256,100154256
CID100156326,CID000163091,163091,100156326
CID100156326,CID003036780,3036780,100156326
CID100156418,CID000156418,156418,100156418
CID100157429,CID000449677,449677,100157429
CID100157688,CID000157688,157688,100157688
CID100157920,CID000157920,157920,100157920
CID100157921,CID000157921,157921,100157921
CID100158781,CID000158781,158781,100158781
CID100158786,CID000158786,158786,100158786
CID100159247,CID000159247,159247,100159247
CID100160036,CID006918193,6918193,100160036
CID100160051,CID000160051,160051,100160051
CID100160352,CID000160352,160352,100160352
CID100163296,CID000163296,163296,100163296
CID100166548,CID000166548,166548,100166548
CID100168625,CID000168625,168625,100168625
CID100168924,CID000168924,168924,100168924
CID100170361,CID000170361,170361,100170361
CID100171558,CID000171558,171558,100171558
CID100176870,CID000176870,176870,100176870
CID100179344,CID000179344,179344,100179344
CID100185457,CID000185457,185457,100185457
CID100192155,CID000192155,192155,100192155
CID100193962,CID000193962,193962,100193962
CID100197281,CID000197281,197281,100197281
CID100197281,CID006918204,6918204,100197281
CID100197712,CID000197712,197712,100197712
CID100197712,CID006918493,6918493,100197712
CID100206527,CID000206527,206527,100206527
CID100208898,CID000208898,208898,100208898
CID100208902,CID000208902,208902,100208902
CID100208908,CID000208908,208908,100208908
CID100208920,CID009960701,9960701,100208920
CID100213023,CID009578572,9578572,100213023
CID100213039,CID000213039,213039,100213039
CID100213046,CID000213046,213046,100213046
CID100214339,CID003003141,3003141,100214339
CID100216209,CID005493444,5493444,100216209
CID100216210,CID000216210,216210,100216210
CID100216235,CID000216235,216235,100216235
CID100216237,CID000216237,216237,100216237
CID100216239,CID000216239,216239,100216239
CID100216258,CID000216258,216258,100216258
CID100216326,CID000216326,216326,100216326
CID100216416,CID000216416,216416,100216416
CID100219024,CID000219024,219024,100219024
CID100219024,CID022451303,22451303,100219024
CID100219078,CID000219078,219078,100219078
CID100219084,CID000450096,450096,100219084
CID100219090,CID000219090,219090,100219090
CID100222786,CID000222786,222786,100222786
CID100315411,CID000445226,445226,100315411
CID100315411,CID000450503,450503,100315411
CID100358641,CID000358641,358641,100358641
CID100441332,CID005281075,5281075,100441332
CID100441382,CID005281099,5281099,100441382
CID100443379,CID005462501,5462501,100443379
CID100444006,CID000444006,444006,100444006
CID100444006,CID006437877,6437877,100444006
CID100444013,CID000444013,444013,100444013
CID100444033,CID006918155,6918155,100444033
CID100449193,CID000449193,449193,100449193
CID100455658,CID000455658,455658,100455658
CID100477468,CID000477468,477468,100477468
CID100477468,CID006602291,6602291,100477468
CID100483407,CID003002977,3002977,100483407
CID100489129,CID000489181,489181,100489129
CID100517045,CID000517045,517045,100517045
CID100644241,CID000644241,644241,100644241
CID100656628,CID005312125,5312125,100656628
CID100656892,CID005388906,5388906,100656892
CID100657298,CID000657298,657298,100657298
CID100667490,CID000667490,667490,100667490
CID101349907,CID001349907,1349907,101349907
CID102723601,CID002723601,2723601,102723601
CID102761171,CID002761171,2761171,102761171
CID103006171,CID006451164,6451164,103006171
CID103010818,CID003010818,3010818,103010818
CID103038497,CID003038497,3038497,103038497
CID103052762,CID003052762,3052762,103052762
CID103055172,CID006509979,6509979,103055172
CID103055172,CID024847863,24847863,103055172
CID103062316,CID003062316,3062316,103062316
CID103080904,CID003080904,3080904,103080904
CID103081276,CID056841124,56841124,103081276
CID103081361,CID003081361,3081361,103081361
CID103081362,CID045267081,45267081,103081362
CID103081884,CID003081884,3081884,103081884
CID103085017,CID003085017,3085017,103085017
CID103086257,CID003086257,3086257,103086257
CID103086685,CID006450551,6450551,103086685
CID103086686,CID005329102,5329102,103086686
CID103325225,CID005289223,5289223,103325225
CID104369359,CID004369359,4369359,104369359
CID104474778,CID005288169,5288169,104474778
CID104479094,CID005281107,5281107,104479094
CID104479097,CID005460193,5460193,104479097
CID104517618,CID004517618,4517618,104517618
CID104630253,CID005311000,5311000,104630253
CID104659568,CID005281081,5281081,104659568
CID104659569,CID004659569,4659569,104659569
CID105001396,CID005001396,5001396,105001396
CID105251896,CID006918537,6918537,105251896
CID105273759,CID005273759,5273759,105273759
CID105277135,CID005277135,5277135,105277135
CID105281007,CID005353562,5353562,105281007
CID105310993,CID005310993,5310993,105310993
CID105311167,CID005311167,5311167,105311167
CID105327147,CID005327147,5327147,105327147
CID105328940,CID005328940,5328940,105328940
CID105353894,CID005353894,5353894,105353894
CID105353980,CID005359476,5359476,105353980
CID105353980,CID005384001,5384001,105353980
CID105359596,CID005359596,5359596,105359596
CID105360237,CID005360237,5360237,105360237
CID105361912,CID006323490,6323490,105361912
CID105361917,CID005361917,5361917,105361917
CID105362070,CID005362070,5362070,105362070
CID105362420,CID005362420,5362420,105362420
CID105381226,CID005381226,5381226,105381226
CID105381226,CID005458213,5458213,105381226
CID105462337,CID005462337,5462337,105462337
CID105462337,CID006003770,6003770,105462337
CID105464096,CID005464096,5464096,105464096
CID105479141,CID011672602,11672602,105479141
CID105487068,CID005487068,5487068,105487068
CID105487301,CID005487301,5487301,105487301
CID105488383,CID006918250,6918250,105488383
CID105488547,CID005488547,5488547,105488547
CID105493381,CID005493381,5493381,105493381
CID106102852,CID009916860,9916860,106102852
CID106323497,CID006323497,6323497,106323497
CID106326970,CID006326970,6326970,106326970
CID106328144,CID006328144,6328144,106328144
CID106328526,CID006328526,6328526,106328526
CID106331630,CID053320414,53320414,106331630
CID106333887,CID006918453,6918453,106333887
CID106398970,CID006915944,6915944,106398970
CID106433082,CID006433082,6433082,106433082
CID106433091,CID009838021,9838021,106433091
CID106433101,CID009868491,9868491,106433101
CID106433117,CID006918554,6918554,106433117
CID106433119,CID009875401,9875401,106433119
CID106435110,CID006435110,6435110,106435110
CID106437075,CID006437075,6437075,106437075
CID106440191,CID010034073,10034073,106440191
CID106442177,CID006442177,6442177,106442177
CID106445540,CID006445540,6445540,106445540
CID106452749,CID006452749,6452749,106452749
CID106453361,CID006453361,6453361,106453361
CID106477186,CID006480466,6480466,106477186
CID106850789,CID006850789,6850789,106850789
CID106850791,CID006850791,6850791,106850791
CID106918182,CID006918182,6918182,106918182
CID106918313,CID006918313,6918313,106918313
CID106918366,CID006918366,6918366,106918366
CID106918430,CID012993649,12993649,106918430
CID106918456,CID006918456,6918456,106918456
CID106918462,CID045487623,45487623,106918462
CID106918558,CID006918558,6918558,106918558
CID106918584,CID006918584,6918584,106918584
CID106918638,CID006918638,6918638,106918638
CID106918670,CID006918670,6918670,106918670
CID109794842,CID010220503,10220503,109794842
CID109800339,CID011504294,11504294,109800339
CID109810131,CID009852981,9852981,109810131
CID109811221,CID009854073,9854073,109811221
CID109812414,CID025244225,25244225,109812414
CID109815559,CID009815560,9815560,109815559
CID109818231,CID009926791,9926791,109818231
CID109825285,CID009825285,9825285,109825285
CID109831414,CID009831414,9831414,109831414
CID109831761,CID009831761,9831761,109831761
CID109831783,CID009831783,9831783,109831783
CID109846180,CID025181561,25181561,109846180
CID109853053,CID009853053,9853053,109853053
CID109854489,CID009854489,9854489,109854489
CID109865528,CID009865528,9865528,109865528
CID109869929,CID009869929,9869929,109869929
CID109871419,CID009871419,9871419,109871419
CID109887712,CID009887712,9887712,109887712
CID109898619,CID009898619,9898619,109898619
CID109912092,CID011561674,11561674,109912092
CID109924495,CID009924495,9924495,109924495
CID109930048,CID009930048,9930048,109930048
CID109940864,CID009940864,9940864,109940864
CID109941444,CID070683023,70683023,109941444
CID109966051,CID009966051,9966051,109966051
CID110028615,CID010077129,10077129,110028615
CID110096344,CID010096344,10096344,110096344
CID110107393,CID015950376,15950376,110107393
CID110113978,CID010113978,10113978,110113978
CID110163178,CID010184653,10184653,110163178
CID110178705,CID010178705,10178705,110178705
CID110182969,CID010182969,10182969,110182969
CID110324367,CID010324367,10324367,110324367
CID110465263,CID011658859,11658859,110465263
CID110482134,CID010482134,10482134,110482134
CID111001318,CID011001318,11001318,111001318
CID111020241,CID011020241,11020241,111020241
CID111163584,CID011450633,11450633,111163584
CID111167602,CID011167602,11167602,111167602
CID111228026,CID011467166,11467166,111228026
CID111234049,CID011234049,11234049,111234049
CID111235728,CID011243969,11243969,111235728
CID111238823,CID011238823,11238823,111238823
CID111254352,CID011254352,11254352,111254352
CID111304743,CID011304743,11304743,111304743
CID111499245,CID011499245,11499245,111499245
CID111501341,CID011501341,11501341,111501341
CID111505907,CID011505907,11505907,111505907
CID111519069,CID011519069,11519069,111519069
CID111531537,CID023652731,23652731,111531537
CID111556711,CID011556711,11556711,111556711
CID111593706,CID011593706,11593706,111593706
CID111597571,CID011626560,11626560,111597571
CID111597697,CID011597697,11597697,111597697
CID111672461,CID011672461,11672461,111672461
CID111707110,CID011707110,11707110,111707110
CID111722286,CID017754356,17754356,111722286
CID111947681,CID011947681,11947681,111947681
CID111949646,CID011949646,11949646,111949646
CID111979316,CID011979316,11979316,111979316
CID113559279,CID013559281,13559281,113559279
CID115951529,CID015951529,15951529,115951529
CID116004692,CID016004692,16004692,116004692
CID116065945,CID024873435,24873435,116065945
CID116126651,CID024821094,24821094,116126651
CID116129616,CID016129616,16129616,116129616
CID116129617,CID016129674,16129674,116129617
CID116129617,CID016133802,16133802,116129617
CID116129629,CID016129629,16129629,116129629
CID116129629,CID016129688,16129688,116129629
CID116129632,CID016136912,16136912,116129632
CID116129665,CID016129665,16129665,116129665
CID116129672,CID016129672,16129672,116129672
CID116129682,CID016129682,16129682,116129682
CID116129690,CID016129690,16129690,116129690
CID116129701,CID016131923,16131923,116129701
CID116129703,CID016129703,16129703,116129703
CID116129704,CID016129704,16129704,116129704
CID116130199,CID016130199,16130199,116130199
CID116130295,CID016130295,16130295,116130295
CID116130957,CID016130965,16130965,116130957
CID116131215,CID016131215,16131215,116131215
CID116131310,CID016131310,16131310,116131310
CID116132265,CID016132265,16132265,116132265
CID116132283,CID016132283,16132283,116132283
CID116132344,CID016132344,16132344,116132344
CID116132418,CID016132418,16132418,116132418
CID116132438,CID016132438,16132438,116132438
CID116132441,CID016132441,16132441,116132441
CID116132446,CID016132446,16132446,116132446
CID116134956,CID016134956,16134956,116134956
CID116136245,CID016136245,16136245,116136245
CID116137271,CID016137271,16137271,116137271
CID116139342,CID016139342,16139342,116139342
CID116139605,CID070683012,70683012,116139605
CID116156130,CID016157882,16157882,116156130
CID116158207,CID070685014,70685014,116158207
CID116158473,CID071306891,71306891,116158473
CID116213095,CID016213095,16213095,116213095
CID116220172,CID016220172,16220172,116220172
CID117754772,CID025126797,25126797,117754772
CID119371515,CID019371515,19371515,119371515
CID122834577,CID025081014,25081014,122834577
CID123668479,CID023668479,23668479,123668479
CID123689036,CID023689036,23689036,123689036
CID123690938,CID023690938,23690938,123690938
CID124762228,CID071306410,71306410,124762228
CID124776445,CID024776445,24776445,124776445
CID124812758,CID024812758,24812758,124812758
CID124822371,CID024822371,24822371,124822371
CID124822371,CID057396865,57396865,124822371
CID124826799,CID024826799,24826799,124826799
CID124838347,CID024838347,24838347,124838347
CID124846132,CID024846132,24846132,124846132
CID124950485,CID025151504,25151504,124950485
CID124965990,CID024965990,24965990,124965990
CID125074470,CID025074470,25074470,125074470
CID125074470,CID025077179,25077179,125074470
CID125074886,CID025074886,25074886,125074886
CID125074886,CID025077594,25077594,125074886
CID125077405,CID025077649,25077649,125077405
CID125077993,CID025077993,25077993,125077993
CID125094462,CID045375808,45375808,125094462
CID125102847,CID025102847,25102847,125102847
CID125880656,CID054671203,54671203,125880656
CID125880664,CID027885548,27885548,125880664
CID126275995,CID026275995,26275995,126275995
CID140468184,CID054676537,54676537,140468184
CID142611257,CID042611257,42611257,142611257
CID144134877,CID054675779,54675779,144134877
CID144146714,CID044146714,44146714,144146714
CID144201342,CID044201342,44201342,144201342
CID144201343,CID044201343,44201343,144201343
CID144462760,CID044462760,44462760,144462760
CID144564107,CID044564107,44564107,144564107
CID144564722,CID044564722,44564722,144564722
CID144567678,CID044567678,44567678,144567678
CID146181941,CID070788982,70788982,146181941
CID146216142,CID046216142,46216142,146216142
CID151508717,CID051508717,51508717,151508717
CID151601240,CID051601240,51601240,151601240
CID153477714,CID053477714,53477714,153477714
CID153627505,CID053627505,53627505,153627505
CID154677977,CID054684141,54684141,154677977
CID154681041,CID054686904,54686904,154681041
CID154682541,CID054686183,54686183,154682541
CID154687131,CID054687131,54687131,154687131
CID156603655,CID056603655,56603655,156603655
CID156842239,CID056842239,56842239,156842239
CID170683024,CID070683024,70683024,170683024
CID170695640,CID070695640,70695640,170695640
CID171306834,CID071306834,71306834,171306834
