CID,SMILES
100000085,CCOC(=O)[C@@]1(C[C@@H]1S(=O)(=O)C2=CC=C(C=C2)Cl)N
100000119,C1[C@H]([C@@]1(CN)CO)S(=O)(=O)C2=CC=C(C=C2)Cl
100000137,C1[C@H]([C@]1(CN)C(=O)O)S(=O)(=O)C2=CC=C(C=C2)Cl
100000143,COC1=C(C(=C(C=C1)[C@@H]2CC(=O)OC3=CC(=C(C(=C23)OC)OC)OC)OC)OC
100000146,C[C@](CNS(=O)(=O)CCC(F)(F)F)(C1=CC2=CC=CC=C2O1)O
100000158,CC(C)(C)OC(=O)N[C@]1(C[C@@H]1S(=O)(=O)C2=CC=C(C=C2)Cl)CN
100000159,CC(C)C1=CC(=NO1)[C@H]2CCCN2C(=O)CN(C)CC3=CN=CC=C3
100000160,C[C@@](CNS(=O)(=O)C1=CC=CC2=NSN=C21)(C3=CC4=CC=CC=C4O3)O
100000175,COC[C@]1(C[C@@H]1S(=O)(=O)C2=CC=C(C=C2)Cl)CN
100000187,C[C@@](CNS(=O)(=O)C1=CC(=C(C=C1)OC)C(=O)N)(C2=CC3=CC=CC=C3O2)O
100000191,C[C@](CNS(=O)(=O)C1=CC(=C(C=C1)OC)C(=O)N)(C2=CC3=CC=CC=C3O2)O
100000206,CC[C@H](C1=C(C=C(C=C1)C)C)NC(=O)C2=CC=C(C=C2)CSC3=CC=CC=C3
100000214,CC1=CC2=C([C@@H](CC(=O)O2)C3=CC4=C(C(=C3)OC)OCCO4)C(=O)N1CCC5=CC=C(C=C5)O
100000222,C[C@](CNC(=O)C(=O)NC1CCCC1)(C2=CC3=CC=CC=C3O2)O
100000232,C[C@](CNC(=O)C(=O)NC1=CC=CC=C1)(C2=CC3=CC=CC=C3O2)O
100000244,C1[C@@H]([C@]1(CO)C(=O)O)S(=O)(=O)C2=CC=C(C=C2)Cl
100000247,CC1=CC(=O)OC2=C3[C@@H](CC(=O)OC3=C(C(=C12)O)C(=O)C)C4=CC5=C(C=C4[N+](=O)[O-])OCO5
100000271,C1[C@H]([C@]1(CO)N)S(=O)(=O)C2=CC=C(C=C2)Cl
100000297,C[C@](CNC(=O)C(=O)NC1=CC=CC(=C1)C(F)(F)F)(C2=CC3=CC=CC=C3O2)O
100000298,CN(CC1=NC(=NO1)C2=CC=CS2)C(=O)C3=CC=C(C=C3)CSC4=CC=CC=C4
100000303,CCN(CC1=NC(=NO1)C2=CC=CS2)C(=O)C3=CC=C(C=C3)CSC4=CC=CC=C4
100000305,C[C@](CNC(=O)C(=O)NC1=CC=C(C=C1)OC(F)(F)F)(C2=CC3=CC=CC=C3O2)O
100000311,COC[C@]1(C[C@@H]1S(=O)(=O)C2=CC=C(C=C2)Cl)C(=O)O
100000312,COC1=NC=C(C=C1)[C@@H](C2CC(C2)O)NC(=O)C3=C(C=CC=N3)O
100000338,C1[C@@H]([C@@H]1S(=O)(=O)C2=CC=C(C=C2)Cl)C(=O)O
100000401,CC(C)(C)OC(=O)N[C@@]1(C[C@H]1S(=O)(=O)C2=CC=C(C=C2)Cl)C=O
100000444,CC1=C(C=C(C=C1)[C@H](C)NC(=O)C2=CC=C(C=C2)CSC3=CC=C(C=C3)Cl)C
100000450,C1[C@H]([C@@H]1S(=O)(=O)C2=CC=C(C=C2)Cl)C(=S)N
100000453,CC[C@@H](C1=CC(=C(C=C1)C)C)NC(=O)C2=CC=C(C=C2)CSC3=CC=C(C=C3)Cl
100000564,COC1=CC=C(C=C1)N2C[C@]34C=C[C@@H](O3)[C@H]([C@H]4C2=O)C(=O)O
100000581,CN1C2=CC=CC=C2C=C(C1=O)[C@@H]3CC(=O)OC4=C3C5=C(C=C4)C(=O)/C(=C/C6=C(C(=CC=C6)OC)OC)/O5
100000596,CS(=O)(=O)[C@H]1[C@H]([C@@H]1C2=CC=CC=C2)C#N
100000598,CC1=CC2=C([C@H](CC(=O)O2)C3=C(C(=CC=C3)OC)OCCC4=CC=CC=C4)C(=O)O1
100000612,CC(C)N1C=C(N=C1)S(=O)(=O)NC[C@]2(CCCC3=C2C=CC(=C3)OC)O
100000679,CC1=CC(=NN1CCCC(=O)N2CCC[C@@H]2C3=CC=CC=C3OC)C
100000681,CC1=C(C=CC=C1Cl)NC(=O)C(=O)NC[C@@]2(CCCC3=C2C=CC(=C3)OC)O
100000698,COC1=CC2=C(C=C1)[C@](CCC2)(CNC(=O)C(=O)NCC3=CC4=C(C=C3)OCO4)O
100000699,CS(=O)(=O)[C@@H]1[C@@H]([C@@]1(CN)C(=O)O)C2=CC=CC=C2
100000700,COC1=CC=C(C=C1)CCOC2=C(C=C(C=C2)[C@@H](CC(=O)OC)C3=C(C(=O)C=C(O3)CN4C[C@@H]5C[C@H](C4)C6=CC=CC(=O)N6C5)O)OC
100000727,CN(CC1=NC(=NO1)C2=C(C=C(C=C2)OC)OC)C(=O)CSCC3=CC=CC=C3
100000738,C1CCN2C[C@H]3C[C@@H]([C@@H]2C1)C=C4[C@H]3N(CCC4)C(=O)CC5=CC(=C(C=C5F)F)F
100000750,C=CCN1C[C@H](CC1=O)C(=O)NCCCC2=CC=NC=C2
100000753,COC[C@@]1([C@H]([C@@H]1S(=O)(=O)C)C2=CC=CC=C2)CN
100000767,COC1=C(C2=C(C=C1)[C@H]3N(C(=O)C4=CC=CC=C4N3C2=O)CCCC(=O)NCC5=CC=CC=C5)OC
100000772,COC1=CC2=C(C=C1)[C@@](CCC2)(CNC(=O)NC3=CC=CC=C3C(F)(F)F)O
100000774,CC1=CC(=C(C=C1)C)[C@@H](C)NC(=O)CSCC2=CC=CC=C2C
100000785,CS(=O)(=O)[C@@H]1[C@H](C1(CO)CO)C2=CC=CC=C2
100000813,CC1=CC=CC=C1CSCC(=O)NCCCC2=CC(=CC=C2)OC(C)C
100000815,CS(=O)(=O)[C@H]1[C@@H]([C@]1(CO)N)C2=CC=CC=C2
100000838,CC1=CC(=C(C(=O)N1CCC2=CC=C(C=C2)O)[C@@H](CC(=O)OC)C3=CC=NC4=CC=CC=C34)O
100000853,COC[C@]1([C@H]([C@@H]1S(=O)(=O)C)C2=CC=CC=C2)C(=O)O
100000861,CC1CCN(CC1)C2=CC=C(C=C2)[C@H](C)NC(=O)CSCC3=CC=CC=C3C
100000888,C1[C@@H](C2=C(C=CC3=C2O/C(=C\C4=CN=CC=C4)/C3=O)OC1=O)C5=CC=CC=C5
100000896,CC1=CC=CC=C1CSCC(=O)N[C@@H]2CC(OC3=C2C=CC(=C3)OC)(C)C
100000923,COC[C@@]1([C@H]([C@@H]1S(=O)(=O)C)C2=CC=CC=C2)C(=S)N
100000937,CC1=CC(=CC=C1)C2=NOC(=N2)CNC(=O)CSCC3=CC=CC=C3C
100000942,CS(=O)(=O)[C@H]1[C@H]([C@H]1C(=S)N)C2=CC=CC=C2
100000946,CS(=O)(=O)[C@H]1[C@H]([C@@H]1C(=S)N)C2=CC=CC=C2
100000948,CC1=C(SC(=N1)C2=CC=C(C=C2)OC)C(=O)N3C[C@@H]4C[C@H](C3)C5=CC=CC(=O)N5C4
100000951,CC1=CC=CC=C1CSCC(=O)NCC2=NC(=NO2)C3=C(C=C(C=C3)OC)OC
100001003,CCS(=O)(=O)[C@@H]1[C@@H]([C@@]1(CO)C#N)C2=CC=CC=C2
100001054,CC1=CC=C(C=C1)CSCC(=O)NC2=CC=C(C=C2)OC3CCCC3
100001065,CCS(=O)(=O)[C@H]1[C@H]([C@@H]1C2=CC=CC=C2)C#N
100001071,CCS(=O)(=O)[C@H]1[C@@H]([C@@H]1C2=CC=CC=C2)C#N
100001084,CC[C@H](C1=CC=NC=C1)NC(=O)CN2C=NC(=C2C)C
100001125,CC(C)C[C@H](C1=CN=CC=C1)NC(=O)CC2=CC=CC=C2C(F)(F)F
100001130,CC1=CC(=O)OC2=C3[C@H](CC(=O)OC3=C(C(=C12)O)C(=O)C)C4=CC=C(C=C4)OCC(C)C
100001134,CC1=CC=C(C=C1)CSCC(=O)N[C@@H](C)C2=CC(=C(C=C2)C)C
100001206,CC1=CC(=C(C(=O)O1)[C@H](CC(=O)OC)C2=CC(=C(C=C2OC)OC)OC)O
100001301,CC1=CC2=C([C@@H](CC(=O)O2)C3=COC4=C(C3=O)C=C(C=C4)Cl)C(=O)O1
100001546,COC1=CC=C(C=C1)CCCNC(=O)CSCC2=CC(=CC=C2)Cl
100001690,COC1=CC=C(C=C1)C2=NOC(=N2)CNC(=O)CSCC3=CC(=CC=C3)Cl
100001727,CC[C@@H](CN1C=CN=C1)NC(=O)CCC2=C(NC(=O)N=C2C)C
100001775,COC1=CC=CC=C1CCCNC(=O)CSCC2=CC=C(C=C2)Cl
100001798,C1=CC=C(C=C1)[C@@H]2[C@H]([C@H]2S(=O)(=O)C3=CC=CC=C3)C(=S)N
100001805,C1=CC=C(C=C1)[C@H]2[C@H]([C@H]2S(=O)(=O)C3=CC=CC=C3)C=O
100001875,CC1=CC=C(C=C1)S(=O)(=O)[C@@H]2[C@@H]([C@@]2(C#N)C(=O)O)C3=CC=CC=C3
100001971,C1CN(CCC1O)C2=NC(=NC=C2)N[C@@H](C3CC(C3)O)C4=CC=CC=N4
100001972,CCOC(=O)[C@]1([C@H]([C@@H]1S(=O)(=O)C2=CC=C(C=C2)C)C3=CC=CC=C3)N
100001978,CC1=CC=C(C=C1)S(=O)(=O)[C@@H]2[C@H](C2(CN)CN)C3=CC=CC=C3
100001983,CC1=CC=C(C=C1)S(=O)(=O)[C@@H]2[C@@H](C2(CN)CN)C3=CC=CC=C3
100001986,CC1=CC=C(C=C1)S(=O)(=O)[C@H]2[C@@H](C2(CN)CN)C3=CC=CC=C3
100001990,CC1=CC=C(C=C1)S(=O)(=O)[C@@H]2[C@H]([C@@]2(CN)CO)C3=CC=CC=C3
100001993,CC(C)C[C@H]1CC(=O)OC2=C1C3=C(C=C2)C(=O)/C(=C/C4=CN=CC=C4)/O3
100002019,C1CC2(CCC1N[C@@H](CC3=CC=CC=N3)C4CC(C4)O)CCNCC2
100002021,CC1=CC=C(C=C1)S(=O)(=O)[C@@H]2[C@@H]([C@]2(CN)N)C3=CC=CC=C3
100002022,CN(C)S(=O)(=O)C1=CC2=C(C=C1)N(CC2)C(=O)CSCC3=CC=C(C=C3)[N+](=O)[O-]
100002082,CC1=CC=C(C=C1)S(=O)(=O)[C@H]2[C@@H]([C@@H]2C3=CC=CC=C3)CN
100002083,CC(C)C1=CC=C(C=C1)[C@@H](CC(=O)OC)C2=C(C(=O)C=C(O2)CN3C[C@@H]4C[C@H](C3)C5=CC=CC(=O)N5C4)O
100002085,CC1=CC=C(C=C1)S(=O)(=O)[C@@H]2[C@H](C2(CO)CO)C3=CC=CC=C3
100002088,CC(C)OC1=CC=CC(=C1)CCCNC(=O)CSCC2=CC=C(C=C2)[N+](=O)[O-]
100002092,CC(C)OC1=CC=C(C=C1)CCCNC(=O)CSCC2=CC=C(C=C2)[N+](=O)[O-]
100002094,CC1=C(N(N=C1C)CCC(=O)NC[C@@H]2CCCN(C2)C3=CC=CC=N3)C
100002099,CN1C=C(C2=CC=CC=C21)CC(=O)N3CCCC4=C[C@H]5C[C@@H]([C@@H]43)CN6[C@H]5CCCC6
100002118,CC1=CC=C(C=C1)S(=O)(=O)[C@H]2[C@@H]([C@]2(CO)N)C3=CC=CC=C3
100002123,COC1=C(C=C(C=C1)CCCNC(=O)CSCC2=CC=C(C=C2)[N+](=O)[O-])OC
100002130,CC1=CC=CC=C1OC[C@H](C)NC(=O)CSCC2=CC=C(C=C2)[N+](=O)[O-]
100002133,CC1=CC=C(C=C1)OC[C@@H](C)NC(=O)CSCC2=CC=C(C=C2)[N+](=O)[O-]
100002140,CC1CCN(CC1)C2=CC=C(C=C2)[C@@H](C)NC(=O)CSCC3=CC=C(C=C3)[N+](=O)[O-]
100002141,CC1=CC=C(C=C1)S(=O)(=O)[C@@H]2[C@@H]([C@]2(C(=O)O)N)C3=CC=CC=C3
100002142,C1C[C@H](N(C1)C(=O)C2=CC=C(C=C2)CSC3=CC=CC=N3)C4=CC=CC=N4
100002145,CC1=CC=C(C=C1)S(=O)(=O)[C@H]2[C@@H]([C@]2(C(=O)O)N)C3=CC=CC=C3
100002148,CC1=CC=C(C=C1)S(=O)(=O)[C@H]2[C@H]([C@]2(COC)C(=O)O)C3=CC=CC=C3
100002153,CC1=NN(C=C1Cl)CC(=O)N[C@@H](C2CC(C2)O)C3=C(C=C(C=C3)F)F
100002156,COC1=CC=CC(=C1OC)/C=C\2/C(=O)C3=C(O2)C4=C(C=C3)OC(=O)C[C@@H]4C5=C(C(=CC=C5)OC)OCCC6=CC7=C(C=C6)OCC7
100002159,CC1=CC2=C([C@@H](CC(=O)O2)C3=CC4=CC=CC=C4N(C3=O)CC(C)C)C(=O)O1
100002160,CC1=CC2=C(C=C1)[C@H](CC(O2)(C)C)NC(=O)CSCC3=CC=C(C=C3)[N+](=O)[O-]
100002161,CC1=CC=C(C=C1)S(=O)(=O)[C@H]2[C@H]([C@H]2C(=O)O)C3=CC=CC=C3
100002162,CC1=CC2=C([C@H](CC(=O)O2)C3=CC4=CC=CC=C4N(C3=O)CC(C)C)C(=O)O1
100002163,CC1=CC2=C(C=C1)[C@@H](CC(O2)(C)C)NC(=O)CSCC3=CC=C(C=C3)[N+](=O)[O-]
100002168,CC1=CC(=O)OC2=C3[C@H](CC(=O)OC3=C(C(=C12)O)C(=O)C)C4=CC(=C(C=C4)OCC(=O)OC)OC
100002170,CC1=CC=C(C=C1)S(=O)(=O)[C@@H]2[C@H]([C@@H]2C(=O)O)C3=CC=CC=C3
100002171,C1[C@H]2CN(C[C@@H]1C3=CC=CC(=O)N3C2)C(=O)C4=NNC(=C4)C5=CC=C(S5)Br
100002173,CC1=CC=C(C=C1)S(=O)(=O)[C@H]2[C@H]([C@@]2(COC)N)C3=CC=CC=C3
100002177,COC1=NC=C(C=C1)[C@H](C2CC(C2)O)NC(=O)CN3C=CC(=O)NC3=O
100002179,COC1=C(C(=C(C=C1)[C@H]2CC(=O)OC3=C2C4=C(C=C3)C(=O)/C(=C\C5=CC(=C(C=C5OC)OC)OC)/O4)OC)OC
100002182,CC1=CC=C(C=C1)S(=O)(=O)[C@H]2[C@@H]([C@]2(COC)N)C3=CC=CC=C3
100002187,CC1=C(C(=NN1C)C)NC(=O)CNC2=CC=C3C(=CC2=O)[C@H](CCC4=CC(=C(C(=C43)OC)OC)OC)NC(=O)C
100002215,CC1=CC=C(C=C1)S(=O)(=O)[C@@H]2[C@@H]([C@]2(C=O)NC(=O)OC(C)(C)C)C3=CC=CC=C3
100002216,COC1=NC=C(C=C1)[C@@H](C2CC(C2)O)NC(=O)CN3CCOCC3
100002232,C1CCC2(CC1)CC(=O)C3=C(O2)C4=C(C=C3)OC(=O)C[C@@H]4C5=CC=C(C=C5)O
100002244,CC1=CC(=CC=C1)C2=NOC(=N2)CN(C)C(=O)CSCC3=CC=C(C=C3)[N+](=O)[O-]
100002249,CC1=CC=C(C=C1)S(=O)(=O)[C@@H]2[C@H]([C@H]2C(=S)N)C3=CC=CC=C3
100002250,CC1=CC=C(C=C1)S(=O)(=O)[C@H]2[C@H]([C@@H]2C(=S)N)C3=CC=CC=C3
100002265,COC1=CC=C(C=C1)/C=C\2/C(=O)C3=C(O2)C4=C(C=C3)OC(=O)C[C@H]4C5=CC(=CC=C5)OCCC6=CC7=C(C=C6)OCC7
100002266,CC1=CC=C(C=C1)S(=O)(=O)[C@H]2[C@@H]([C@@H]2C3=CC=CC=C3)C=O
100002267,COC1=CC=C(C=C1)/C=C\2/C(=O)C3=C(O2)C4=C(C=C3)OC(=O)C[C@@H]4C5=CC(=CC=C5)OCCC6=CC7=C(C=C6)OCC7
100002269,CN(CC1=NC(=NO1)C2=CC=CS2)C(=O)CSCC3=CC=C(C=C3)[N+](=O)[O-]
100002274,C1=CC=C(C=C1)[C@@H]2[C@@H](C2(C#N)C#N)S(=O)(=O)C3=CC=C(C=C3)Cl
100002284,CC1=CC2=C([C@H](CC(=O)O2)C3=C(C(=C(C=C3)OC)OC)OC)C(=O)O1
100002307,CC[C@H](C1=CC=CC(=N1)C)NC(=O)C2=C(C(=CC=C2)O)C
100002308,C1=CC=C(C=C1)[C@@H]2[C@@H]([C@]2(CO)C#N)S(=O)(=O)C3=CC=C(C=C3)Cl
100002311,C1=CC=C(C=C1)[C@@H]2[C@@H]([C@@]2(CO)C#N)S(=O)(=O)C3=CC=C(C=C3)Cl
100002315,COC(=O)C[C@H](C1=CC=C(C=C1)C(=O)O)C2=CC3=C(C=C2O)OCO3
100002337,C[C@@H](C1=NC(=NO1)CCOC)NC(=O)C2=C(C=NC=C2)O
100002341,COC1=CC2=C(C=C1)C=C(C(=O)N2)[C@@H]3CC(=O)OC4=CC(=C(C(=C34)OC)OC)OC
100002344,COC1=CC2=C(C=C1)C=C(C(=O)N2)[C@H]3CC(=O)OC4=CC(=C(C(=C34)OC)OC)OC
100002345,C[C@H](C(=O)NCCCC1=CC=C(C=C1)OC)SC2=CC=CC=C2
100002349,COC[C@@]1([C@@H]([C@@H]1S(=O)(=O)C2=CC=C(C=C2)Cl)C3=CC=CC=C3)C#N
100002350,COC(=O)C[C@@H](C1=CC2=C(C=C1)OCCO2)C3=C(C(=O)C=C(O3)CN4C[C@@H]5C[C@H](C4)C6=CC=CC(=O)N6C5)O
100002351,COC[C@]1([C@H]([C@@H]1S(=O)(=O)C2=CC=C(C=C2)Cl)C3=CC=CC=C3)C#N
100002366,CCOC[C@]1([C@H]([C@@H]1S(=O)(=O)C2=CC=C(C=C2)Cl)C3=CC=CC=C3)C#N
100002367,C[C@H](C(=O)NC1=CC=CC=C1C(=O)C2=CC=CC=C2)SC3=CC=CC=C3
100002369,CCOC[C@@]1([C@H]([C@@H]1S(=O)(=O)C2=CC=C(C=C2)Cl)C3=CC=CC=C3)C#N
100002391,C[C@H](C(=O)NC1=CC=C(C=C1)OC2CCCC2)SC3=CC=CC=C3
100002405,CCOC(=O)[C@]1([C@H]([C@@H]1S(=O)(=O)C2=CC=C(C=C2)Cl)C3=CC=CC=C3)CN
100002431,CC1=CC=CC=C1OC[C@H](C)NC(=O)[C@H](C)SC2=CC=CC=C2
100002435,C1=CC=C(C=C1)[C@H]2[C@H](C2(CN)CN)S(=O)(=O)C3=CC=C(C=C3)Cl
100002441,C1C(CC1O)[C@H](CC2=CC=CC=N2)NC(=O)C3=NNC4=CC=CC=C43
100002442,CC1=CC=C(C=C1)OC[C@@H](C)NC(=O)[C@H](C)SC2=CC=CC=C2
100002443,C1=CC=C(C=C1)[C@@H]2[C@@H]([C@@]2(CN)CO)S(=O)(=O)C3=CC=C(C=C3)Cl
100002462,C1=CC=C(C=C1)[C@H]2[C@@H]([C@]2(CN)C(=O)O)S(=O)(=O)C3=CC=C(C=C3)Cl
100002471,COC1=C(C=C(C=C1)[C@@H](CC(=O)OC)C2=CC3=C(C=C2O)OCO3)OC
100002474,C1=CC=C(C=C1)[C@H]2[C@@H]([C@@]2(CN)N)S(=O)(=O)C3=CC=C(C=C3)Cl
100002476,CC1=CC2=C(C=C1)OC(C[C@H]2NC(=O)[C@@H](C)SC3=CC=CC=C3)(C)C
100002477,CC1=NC(=NN1)SCCNC(=O)[C@H]2CC(=O)N(C2)C3=CC(=CC=C3)F
100002478,CC(C)(C)OC(=O)N[C@]1([C@@H]([C@@H]1S(=O)(=O)C2=CC=C(C=C2)Cl)C3=CC=CC=C3)CN
100002479,CC1=CC2=C(C=C1)OC(C[C@@H]2NC(=O)[C@H](C)SC3=CC=CC=C3)(C)C
100002484,COC1=CC=C(C2=CC=CC=C21)[C@@H](CC(=O)N)C3=C(C(=O)C=C(O3)CN4CCOCC4)O
100002487,CC1=CC2=C(C=C1)[C@H](CC(O2)(C)C)NC(=O)[C@@H](C)SC3=CC=CC=C3
100002512,C[C@H](C(=O)N[C@H]1CC(OC2=C1C=CC(=C2)OC)(C)C)SC3=CC=CC=C3
100002519,COC(=O)C[C@H](C1=CN=CC=C1)C2=C(C(=CNC2=O)C(=O)OC)O
100002520,C[C@H](CC1=NC=CN=C1)N(C)C(=O)C2=NOC3=C2CCCC3
100002522,COC(=O)C[C@@H](C1=CN=CC=C1)C2=C(C(=CNC2=O)C(=O)OC)O
100002524,C1=CC=C(C=C1)[C@@H]2[C@H]([C@H]2S(=O)(=O)C3=CC=C(C=C3)Cl)CN
100002540,CC[C@@H](C1=CC(=C(C=C1)C)C)NC(=O)[C@@H](C)SC2=CC=CC=C2
100002541,COC1=C(C2=C(C=C1)[C@@H]3N(C(=O)C4=CC=CC=C4N3C2=O)CC(=O)NCCN5C=CC=C5)OC
100002547,CC[C@H](C)[C@H](C(=O)N1C[C@@H]2C[C@H](C1)C3=CC=CC(=O)N3C2)N4CC5=CC=CC=C5C4=O
100002548,CC[C@@H](C1=CC(=C(C=C1)C)C)NC(=O)[C@H](C)SC2=CC=CC=C2
100002550,C1[C@H]2CN(C[C@@H]1C3=CC=CC(=O)N3C2)C(=O)CC4=NNC(=O)C5=CC=CC=C54
100002551,CC[C@H](C1=C(C=C(C=C1)C)C)NC(=O)[C@@H](C)SC2=CC=CC=C2
100002554,CC[C@@H](C1=C(C=C(C=C1)C)C)NC(=O)[C@@H](C)SC2=CC=CC=C2
100002559,C1=CC=C(C=C1)[C@@H]2[C@@H]([C@]2(CO)N)S(=O)(=O)C3=CC=C(C=C3)Cl
100002563,C1=CC=C(C=C1)[C@H]2[C@@H]([C@@]2(CO)N)S(=O)(=O)C3=CC=C(C=C3)Cl
100002564,COC1=C(C2=C(C=C1)[C@@H]3N(C2=O)[C@@H](CS3)C(=O)NCC4CCOCC4)OC
100002576,CC[C@@H](C1=CC(=C(C=C1)OC)OC)NC(=O)[C@H](C)SC2=CC=CC=C2
100002578,C1=CC=C(C=C1)[C@@H]2[C@H]([C@H]2S(=O)(=O)C3=CC=C(C=C3)Cl)CO
100002583,COC1=C(C(=C2[C@@H](CC(=O)OC2=C1)C3=CC4=C(C=C3)N=CC=C4)OC)OC
100002585,C1CC2=C(C1)NC(=O)C(=C2)C(=O)N[C@@H]3CC(=O)N(C3)CC4=CC=CC=C4
100002609,C[C@H](C(=O)NCC1=NC(=NO1)C2=C(C=C(C=C2)OC)OC)SC3=CC=CC=C3
100002610,COC1=CC(=C(C=C1)N2C[C@@H](CC2=O)C(=O)N3CCCC[C@H]3C4=CN=CC=C4)OC
100002622,CC(C)C(=O)NC1=CN=C(C=C1)SC[C@@H]2CCCN3[C@@H]2CCCC3
100002631,C[C@H](C(=O)N(C)CC1=NC(=NO1)C2=CC=CC=C2)SC3=CC=CC=C3
100002637,CN1C(=O)C(=CNC1=O)CC(=O)N[C@@H](CC2=CC=NC=C2)C3CC(C3)O
100002646,COC[C@]1([C@H]([C@@H]1S(=O)(=O)C2=CC=C(C=C2)Cl)C3=CC=CC=C3)N
100002650,C[C@H](C1=NN2CCN(CC2=C1)C(=O)CC3=C(CCC3=O)C4=CC=CC=C4)O
100002654,CCOC[C@]1([C@@H]([C@@H]1S(=O)(=O)C2=CC=C(C=C2)Cl)C3=CC=CC=C3)N
100002655,C[C@@H](C(=O)N(C)CC1=NC(=NO1)C2=CC(=CC=C2)OC)SC3=CC=CC=C3
100002656,CC1=CC(=C(C(=O)O1)[C@H](CC(=O)O)C2=CC(=C(C=C2)OC)O)O
100002658,C[C@H](C(=O)N(C)CC1=NC(=NO1)C2=CC=C(C=C2)OC)SC3=CC=CC=C3
100002662,C1C[C@H](CN(C1)C2=NC=CC=N2)C(=O)NC[C@H]3C[C@H]4C[C@@H]3C=C4
100002663,CC1=CC(=O)OC2=C3[C@H](CC(=O)OC3=C(C(=C12)O)C(=O)C)C4=CSC=C4
100002666,C[C@H](C(=O)N(C)CC1=NC(=NO1)C2=C(C=C(C=C2)OC)OC)SC3=CC=CC=C3
100002675,C[C@@H](C(=O)N(C)CC1=NC(=NO1)C2=CC(=CC=C2)Br)SC3=CC=CC=C3
100002676,C1=CC=C(C=C1)[C@@H]2[C@@H]([C@H]2S(=O)(=O)C3=CC=C(C=C3)Cl)N
100002678,COC1=C(C=C(C=C1)[C@H](C2CC(C2)O)NC(=O)C3=CC(=O)C(=CN3)OC)F
100002684,CC(C)(C)OC(=O)N[C@@]1([C@@H]([C@@H]1S(=O)(=O)C2=CC=C(C=C2)Cl)C3=CC=CC=C3)C=O
100002708,COC1=CC=C(C=C1)[C@@H]2CC(=O)OC3=C2C4=C(C=C3)C(=O)/C(=C\C5=CC(=C(C=C5OC)OC)OC)/O4
100002712,CN(C)C1=NSC(=N1)N[C@H](C2CC(C2)O)C3=CC4=CC=CC=C4N=C3
100002713,CCOC[C@@]1([C@H]([C@@H]1S(=O)(=O)C2=CC=C(C=C2)Cl)C3=CC=CC=C3)C(=S)N
100002719,COC1=CC=C(C=C1)CCOC2=C(C=CC=C2OC)[C@H](CC(=O)OC)C3=C(C4=CC=CC=C4OC3=O)O
100002720,C1=CC=C(C=C1)[C@H]2[C@H]([C@H]2S(=O)(=O)C3=CC=C(C=C3)Cl)C(=S)N
100002725,C1C(CC1O)[C@H](CC2=CC=NC=C2)NC(=O)C3=CC(=CN3)Cl
100002726,CC(C)C[C@@H](CC(=O)OC)C1=C(C(=CNC1=O)C(=O)OC)O
100002727,C1=CC=C(C=C1)[C@@H]2[C@H]([C@H]2S(=O)(=O)C3=CC=C(C=C3)Cl)C(=S)N
100002732,CC1=CC(=C(C=C1)C)[C@H](C)NC(=O)[C@H](C)SCC2=CC=CC=C2
100002733,C1=CC=C(C=C1)[C@H]2[C@@H]([C@H]2S(=O)(=O)C3=CC=C(C=C3)Cl)C=O
100002749,COC1=CC=C(C=C1)[C@H]2[C@@H](C2(C#N)C#N)S(=O)(=O)C
100002751,C[C@@H](C(=O)NCCCC1=CC=C(C=C1)F)SCC2=CC=CC=C2
100002754,COC1=CN=CC(=C1)[C@H](C2CC(C2)O)NC(=O)CCC3=CC(=O)NO3
100002756,C[C@H](C(=O)NCCCC1=CC=CC=C1OC)SCC2=CC=CC=C2
100002762,COC1=CC=C(C=C1)[C@H]2[C@@H]([C@@]2(C=O)C#N)S(=O)(=O)C
100002764,CC1=CC(=O)OC2=C3[C@H](CC(=O)OC3=C(C(=C12)O)C(=O)C)C4=CC(=C(C(=C4)F)F)F
100002771,CCOC(=O)[C@]1([C@@H]([C@@H]1S(=O)(=O)C)C2=CC=C(C=C2)OC)C#N
100002781,C[C@H](COC1=CC=C(C=C1)OC)NC(=O)[C@H](C)SCC2=CC=CC=C2
100002789,CC1=CC=C(C=C1)OCCNC(=O)[C@@H](C)SCC2=CC=CC=C2
100002791,CC1=C2C=CN(C2=CC=C1)CC(=O)N3C[C@@H]4C[C@H](C3)C5=CC=CC(=O)N5C4
100002792,CC(=O)NCCC(=O)N[C@H](C1CC(C1)O)C2=CC3=C(C=C2)OCC3
100002800,CC(=C)COC1=C(C=CC=C1OC)[C@H]2CC(=O)OC3=C2C4=C(C=C3)C(=O)/C(=C/C5=C(C(=CC=C5)OC)OC)/O4
100002801,COC1=CC=C(C=C1)[C@H]2[C@@H]([C@@]2(C#N)C(=O)O)S(=O)(=O)C
100002802,C[C@H](C(=O)NCCCC1=CC(=CC=C1)OC(C)C)SCC2=CC=CC=C2
100002803,CC1=CC(=C(C(=O)O1)[C@H](CC(=O)OC)C2=CC=CC=C2)O
100002806,CC1=CC(=C(C(=O)O1)[C@@H](CC(=O)OC)C2=CC=CC=C2)O
100002809,C[C@H](C(=O)NCCCC1=CC=C(C=C1)OC(C)C)SCC2=CC=CC=C2
100002812,COC1=CC=C(C=C1)[C@@H]2[C@@H]([C@]2(C#N)N)S(=O)(=O)C
100002818,COC1=CC=C(C=C1)[C@@H]2[C@H]([C@]2(C#N)N)S(=O)(=O)C
100002826,COC(=O)C[C@H](C1=CC(=CC=C1)Br)C2=C(C(=O)C=C(O2)CN3C[C@@H]4C[C@H](C3)C5=CC=CC(=O)N5C4)O
100002828,COC(=O)C[C@@H](C1=CC(=CC=C1)Br)C2=C(C(=O)C=C(O2)CN3C[C@@H]4C[C@H](C3)C5=CC=CC(=O)N5C4)O
100002833,CCOC1=CC=C(C=C1)CCCNC(=O)[C@@H](C)SCC2=CC=CC=C2
100002881,COC1=C(C=CC(=C1)[C@H](CC(=O)N)C2=C(C(=O)C=C(O2)CN3CCOCC3)O)O
100002883,C[C@@H]1CCCN(C1)C2=CC=C(C=C2)[C@H](C)NC(=O)[C@@H](C)SCC3=CC=CC=C3
100002891,CC1=CN(C(=O)NC1=O)CC(=O)N[C@@H](C2CC(C2)O)C3=CN=C(C=C3)OC
100002895,CC1=CN(C(=O)NC1=O)CC(=O)N[C@H](C2CC(C2)O)C3=CN=C(C=C3)OC
100002905,C1CSS[C@@H]1CCCCC(=O)NC[C@H]2C[C@H]3C[C@@H]2C=C3
100002907,CN(C[C@H]1CC2=CC=CC=C2O1)C(=O)COC3=NN4C=NN=C4C=C3
100002909,CCOC(=O)[C@@]1([C@@H]([C@@H]1S(=O)(=O)C)C2=CC=C(C=C2)OC)CN
100002913,CC1=CC2=C(C=C1)[C@@H](CC(O2)(C)C)NC(=O)[C@@H](C)SCC3=CC=CC=C3
100002914,CCOC(=O)[C@@]1([C@H]([C@@H]1S(=O)(=O)C)C2=CC=C(C=C2)OC)CN
100002949,COC1=CC=C(C=C1)[C@H]2[C@@H]([C@@]2(CN)CO)S(=O)(=O)C
100002951,COC1=CC(=CC(=C1OC)OC)[C@@H](CC(=O)OC)C2=CC3=C(C=C2O)OCO3
100002955,COC1=CC=C(C=C1)[C@H]2[C@H]([C@@]2(CN)CO)S(=O)(=O)C
100002958,CC1=C(C=C(C=C1)[C@H](C)NC(=O)[C@H](C)SCC2=CC=CC=C2)C
100002972,CC[C@@H](C1=CC(=C(C=C1)C)C)NC(=O)[C@H](C)SCC2=CC=CC=C2
100002973,COC1=CC=C(C=C1)[C@@H]2[C@@H]([C@]2(CN)N)S(=O)(=O)C
100002978,C1CCC2(C1)CC(=O)N(C2=O)CCC(=O)NC[C@@H]3C[C@@H]4C[C@H]3C=C4
100002995,CC[C@@H](C1=CC(=C(C=C1)OC)OC)NC(=O)[C@@H](C)SCC2=CC=CC=C2
100003000,CC(C)(C)OC(=O)N[C@]1([C@H]([C@H]1S(=O)(=O)C)C2=CC=C(C=C2)OC)CN
100003003,COC[C@]1([C@@H]([C@@H]1S(=O)(=O)C)C2=CC=C(C=C2)OC)CN
100003007,CC[C@@H](C1=CC=C(C=C1)S(=O)(=O)C)NC(=O)[C@@H](C)SCC2=CC=CC=C2
100003008,CC1=CC(=C(C(=O)N1CCC2=CC=C(C=C2)O)[C@@H](CC(=O)OC)C3=CC(=C(C=C3)OC)CO)O
100003009,COC[C@]1([C@H]([C@@H]1S(=O)(=O)C)C2=CC=C(C=C2)OC)CN
100003015,CC[C@@H](C1=CC=C(C=C1)S(=O)(=O)C)NC(=O)[C@H](C)SCC2=CC=CC=C2
100003016,CCOC[C@]1([C@@H]([C@@H]1S(=O)(=O)C)C2=CC=C(C=C2)OC)CN
100003019,CCOC[C@@]1([C@@H]([C@@H]1S(=O)(=O)C)C2=CC=C(C=C2)OC)CN
100003032,COC(=O)C[C@@H](C1=CC=NC=C1)C2=C(C(=CNC2=O)C(=O)OC)O
100003038,C1CN(CC2=C1C3=CC=CC=C3N2)C(=O)C4=CC=CC=C4NC(=O)N5C[C@@H]6C[C@H](C5)C7=CC=CC(=O)N7C6
100003040,COC1=CC=C(C=C1)[C@H]2[C@@H]([C@@H]2S(=O)(=O)C)CN
100003042,COC(=O)C[C@H](C1=CC2=C3C(=CC=C2)CCCN3C1=O)C4=C(C(=O)C(=C(C4=O)O)[C@@H](CC(=O)OC)C5=CC6=C7C(=CC=C6)CCCN7C5=O)O
100003043,CC1=CN=C(C=C1)[C@H](C)NC(=O)CC2=CSC=C2
100003053,C1CCN([C@@H](C1)C2=CN=CC=C2)C(=O)[C@H](C3=CC=CC=C3)N4C=NN=N4
100003056,CC1=CC2=C([C@@H](CC(=O)O2)C3=CC(=C(C(=C3)OC)OC(=O)C)OC)C(=O)N1CCC4=CC=C(C=C4)O
100003059,CC1=CC2=C([C@H](CC(=O)O2)C3=CC(=C(C(=C3)OC)OC(=O)C)OC)C(=O)N1CCC4=CC=C(C=C4)O
100003060,COC1=CC=C(C=C1)[C@@H]2[C@H]([C@@]2(CO)C(=O)O)S(=O)(=O)C
100003062,C1CCC2=C(CC1)NN=C2C(=O)N3CCCC[C@H]3C4=CN=CC=C4
100003063,COC1=CC=C(C=C1)[C@H]2[C@H]([C@@]2(CO)C(=O)O)S(=O)(=O)C
100003066,CC1=C(C(=NN1CCC(=O)N2CCC[C@H]2C3=NNC(=N3)C)C)C(=O)C
100003075,CC1=CC=C(C=C1)C2=NOC(=N2)CN(C)C(=O)[C@@H](C)SCC3=CC=CC=C3
100003080,COC(=O)C1=CC=CC(=C1)COC2=CC3=C(C=C2)C(=O)/C(=C/C4=CN=CC=C4)/O3
100003100,C[C@@H](C(=O)N(C)CC1=NC(=NO1)C2=C(C=C(C=C2)OC)OC)SCC3=CC=CC=C3
100003105,C1COC2=C1C=CC(=C2)CC(=O)NC3=CC4=C(C=C3)NC=C4
100003108,C[C@@H](C(=O)N(C)CC1=NC(=NO1)C2=CC=C(C=C2)Cl)SCC3=CC=CC=C3
100003114,COC[C@@]1([C@H]([C@@H]1S(=O)(=O)C)C2=CC=C(C=C2)OC)C(=O)O
100003117,COC[C@]1([C@H]([C@@H]1S(=O)(=O)C)C2=CC=C(C=C2)OC)C(=O)O
100003121,C[C@H](C(=O)NCCCC1=CC=C(C=C1)C(C)C)SCC2=CC=CC=C2
100003125,C[C@@H](C(=O)NCCCC1=CC=C(C=C1)C(C)C)SCC2=CC=CC=C2
100003143,CC1=CC2=C([C@H](CC(=O)O2)C3=COC4=CC=CC=C4C3=O)C(=O)O1
100003148,CN1C=C(C2=CC=CC=C21)CC(=O)N[C@H]3CCCC4=C3NC5=C4C=C(C=C5)OC
100003151,COC1=CC=C(C=C1)C2=NOC(=N2)CNC(=O)C3=CC=C(C=C3)CN4CCOCC4
100003152,CCOC[C@]1([C@H]([C@@H]1S(=O)(=O)C)C2=CC=C(C=C2)OC)N
100003154,COC1=CC(=C(C=C1)C2=NOC(=N2)CNC(=O)C3=CC=C(C=C3)CN4CCOCC4)OC
100003155,CCOC[C@@]1([C@H]([C@@H]1S(=O)(=O)C)C2=CC=C(C=C2)OC)N
100003156,CC1=C(C=C(C=C1)CCC(=O)N[C@H](C2CCNCC2)C3CC(C3)O)OC
100003157,CC1=CC2=C([C@H](CC(=O)O2)C3=CC=CC=C3OCC(C)C)C(=O)N1CCC4=CC=C(C=C4)O
100003158,C1COCCN1CC2=CC=C(C=C2)C(=O)NCC3=NC(=NO3)C4=CC=C(C=C4)Cl
100003168,COC1=CC=C(C=C1)[C@H]2[C@@H]([C@@H]2S(=O)(=O)C)N
100003171,CC(C)(C)OC(=O)N[C@@]1([C@@H]([C@@H]1S(=O)(=O)C)C2=CC=C(C=C2)OC)C=O
100003182,CN(CC1=NC(=NO1)C2=CC=C(C=C2)Cl)C(=O)C3=CC=C(C=C3)CN4CCOCC4
100003198,CN(CC1=CC=C(C=C1)OC)C(=O)C2=CC=C(C=C2)CN3CCC4=CC=CC=C4C3
100003199,C1C[C@@H](CN(C1)C(=O)COCC(C(F)F)(F)F)C(=O)C2=CC=CC=N2
100003202,COC1=C(C(=C2[C@@H](CC(=O)OC2=C1)C3=CC4=CC=CC=C4NC3=O)OC)OC
100003203,CCOC[C@@]1([C@H]([C@@H]1S(=O)(=O)C)C2=CC=C(C=C2)OC)C(=S)N
100003209,C1[C@H]2CN(C[C@@H]1C3=CC=CC(=O)N3C2)CC4=C(C=CC5=C4C(=CO5)C(=O)C6=CC=CO6)O
100003222,COC(=O)C[C@H](C1=CC2=C(C=C1)OCO2)C3=CC4=C(C=C3O)OCO4
100003226,COC(=O)C[C@@H](C1=CC2=C(C=C1)OCO2)C3=CC4=C(C=C3O)OCO4
100003241,CN1C(=NC=N1)[C@H](C2CC2)NC(=O)C3=CC(=CC=C3)OC4=CC=CC=C4
100003249,CC1=CC2=C([C@H](CC(=O)O2)C3=CC=CC=C3OCC(=O)OC)C(=O)O1
100003250,C1=CC=C(C=C1)SCCC(=O)NCCCC2=CC=CC=C2Cl
100003255,COC(=O)C[C@H](C1=CSC=C1)C2=C(C(=O)C(=C(C2=O)O)[C@@H](CC(=O)OC)C3=CSC=C3)O
100003261,COC1=CC=CC=C1CCCNC(=O)CCSC2=CC=CC=C2
100003263,CCOC1=C(C=CC(=C1)[C@H](CC(=O)OC)C2=C(C(=O)C=C(O2)CN3C[C@@H]4C[C@H](C3)C5=CC=CC(=O)N5C4)O)O
100003267,CCOC(=O)[C@]1([C@H]([C@@H]1S(=O)(=O)CC)C2=CC=C(C=C2)OC)C#N
100003268,COC1=CC=C(C=C1)CCCNC(=O)CCSC2=CC=CC=C2
100003269,CCOC(=O)[C@@]1([C@H]([C@@H]1S(=O)(=O)CC)C2=CC=C(C=C2)OC)C#N
100003278,COC1=CC(=CC(=C1OC)OC)[C@@H]2CC(=O)OC3=C2C4=C(C=C3)C(=O)/C(=C\C5=CC(=C(C=C5OC)OC)OC)/O4
100003279,CC1=CC=C(C=C1)OCCNC(=O)CCSC2=CC=CC=C2
100003291,COC1=C(C(=C2[C@H](CC(=O)OC2=C1)C3=CC=CC4=CC=CC=C43)OC)OC
100003292,CCS(=O)(=O)[C@@H]1[C@@H]([C@@]1(C#N)C(=O)O)C2=CC=C(C=C2)OC
100003308,CC1=CC(=O)OC2=C3[C@@H](CC(=O)OC3=C(C(=C12)O)C(=O)C)C4=CC(=C(C=C4)OC)OCC(=O)N
100003310,C1C[C@H](OC1)CN(CC2=CC=CC=N2)C(=O)C3=CC=CC(=C3)C4=CC=CO4
100003325,CC1CCN(CC1)C2=CC=C(C=C2)[C@@H](C)NC(=O)CCSC3=CC=CC=C3
100003331,C[C@@H]1CCCN(C1)C2=CC=C(C=C2)[C@@H](C)NC(=O)CCSC3=CC=CC=C3
100003333,COC1=CC(=CC(=C1O)OC)[C@H](CC(=O)OC)C2=C(C(=CNC2=O)C(=O)OC)O
100003339,CC1=CC2=C(C=C1)OC(C[C@@H]2NC(=O)CCSC3=CC=CC=C3)(C)C
100003340,COC(=O)C[C@@H](C1=CC=C(O1)C2=CC=C(C=C2)C(=O)O)C3=C(C(=CNC3=O)C(=O)OC)O
100003342,CC1=CC2=C(C=C1)OC(C[C@H]2NC(=O)CCSC3=CC=CC=C3)(C)C
100003345,CC1=CC2=C(C=C1)[C@H](CC(O2)(C)C)NC(=O)CCSC3=CC=CC=C3
100003348,CC1=CC2=C(C=C1)[C@@H](CC(O2)(C)C)NC(=O)CCSC3=CC=CC=C3
100003350,CC(=C)COC1=C(C=C(C=C1)[C@@H](CC(=O)OC)C2=C(C3=CC=CC=C3OC2=O)O)OC
100003354,CC1(C[C@H](C2=C(O1)C=CC(=C2)OC)NC(=O)CCSC3=CC=CC=C3)C
100003355,CCOC(=O)C1([C@H]([C@@H]1S(=O)(=O)CC)C2=CC=C(C=C2)OC)C(=O)OCC
100003363,CC(=O)NC1=C2C=CN(C2=CC=C1)CC(=O)N3CCCC[C@H]3C4=CN=CC=C4
100003364,CC1=C(C=C(C=C1)[C@@H](C)NC(=O)CCSC2=CC=CC=C2)C
100003365,CCOC(=O)[C@@]1([C@@H]([C@@H]1S(=O)(=O)CC)C2=CC=C(C=C2)OC)CN
100003366,CC1=C(C=C(C=C1)[C@H](C)NC(=O)CCSC2=CC=CC=C2)C
100003367,CC1=CC2=C([C@@H](CC(=O)O2)C3=CC4=C(C=C3)OCCO4)C(=O)N1CCC5=CC=C(C=C5)O
100003368,CCOC(=O)[C@]1([C@H]([C@@H]1S(=O)(=O)CC)C2=CC=C(C=C2)OC)CN
100003370,CC[C@H](C1=CC(=C(C=C1)C)C)NC(=O)CCSC2=CC=CC=C2
100003372,CCOC(=O)[C@@]1([C@H]([C@@H]1S(=O)(=O)CC)C2=CC=C(C=C2)OC)CN
100003373,CN(CCC[C@H]1CCCO1)C(=O)CC2=CN=CC=C2
100003375,CCOC(=O)[C@]1([C@@H]([C@@H]1S(=O)(=O)CC)C2=CC=C(C=C2)OC)N
100003379,CCOC(=O)[C@]1([C@H]([C@@H]1S(=O)(=O)CC)C2=CC=C(C=C2)OC)N
100003380,C1CC1[C@@H](C2=NN3CCN(CC3=C2)C(=O)C4=CC(=CC=C4)OC(F)F)O
100003381,CN1CCN(CC1)CC2=C(C=CC3=C2C(=CO3)C(=O)C4=CC(=C(C=C4)OC)OC)O
100003382,CCOC(=O)[C@@]1([C@H]([C@@H]1S(=O)(=O)CC)C2=CC=C(C=C2)OC)N
100003384,C1CCN2CCC[C@H]([C@H]2C1)CSC3=NC=C(C=C3)NC(=O)C4=CC=C(C=C4)Cl
100003385,CCS(=O)(=O)[C@@H]1[C@H](C1(CN)CN)C2=CC=C(C=C2)OC
100003386,CC1=NC(=NC=C1C(=O)N2CC[C@@H]2C3=CC=C(C=C3)F)N
100003387,CC1=NC(=NC=C1C(=O)N2CC[C@H]2C3=CC=C(C=C3)F)N
100003388,CC(C)(C(=O)N1C[C@@H]2C[C@H](C1)C3=CC=CC(=O)N3C2)OC4=CC=C(C=C4)[C@@H]5CC5(Cl)Cl
100003392,CCS(=O)(=O)[C@H]1[C@@H](C1(CN)CN)C2=CC=C(C=C2)OC
100003393,CC[C@@H](C1=CC(=C(C=C1)C)C)NC(=O)CCSC2=CC=CC=C2
100003394,C1[C@H]2CN(C[C@@H]1C3=CC=CC(=O)N3C2)C(=O)[C@H]4CC(=O)N(C4)CC5=CC=CC=C5
100003397,C1[C@H]2CN(C[C@@H]1C3=CC=CC(=O)N3C2)C(=O)[C@@H]4CC(=O)N(C4)CC5=CC=CC=C5
100003399,CC[C@@H](C1=C(C=C(C=C1)C)C)NC(=O)CCSC2=CC=CC=C2
100003403,CCS(=O)(=O)[C@H]1[C@@H]([C@@]1(CN)CO)C2=CC=C(C=C2)OC
100003404,CC1=CC2=C([C@@H](CC(=O)O2)C3=COC4=C(C3=O)C=C(C=C4)Cl)C(=O)N1CCC5=CC=C(C=C5)O
100003405,CC1=CC(=C(C=C1)C)CC(=O)N[C@@H](C2=CN=CC=C2)C(C)C
100003406,CC[C@@H](C1=CC(=C(C=C1)OC)OC)NC(=O)CCSC2=CC=CC=C2
100003410,CC[C@H](C1=CC=C(C=C1)S(=O)(=O)C)NC(=O)CCSC2=CC=CC=C2
100003414,CCS(=O)(=O)[C@@H]1[C@@H]([C@@]1(CN)C(=O)O)C2=CC=C(C=C2)OC
100003417,CC1=CC(=CC=C1)C2=NOC(=N2)CNC(=O)CCSC3=CC=CC=C3
100003419,CCS(=O)(=O)[C@@H]1[C@H]([C@]1(CN)N)C2=CC=C(C=C2)OC
100003425,CCS(=O)(=O)[C@@H]1[C@@H]([C@]1(CN)N)C2=CC=C(C=C2)OC
100003440,CC(C)C1=NN=C(S1)N2CCN3C(=CC(=N3)[C@H](C4=NC=CN4C)O)C2
100003443,CC1=CC=C(C=C1)C2=NOC(=N2)CN(C)C(=O)CCSC3=CC=CC=C3
100003446,COC1=CC=C(C=C1)N2C[C@@H](CC2=O)C(=O)N3CCCC[C@H]3C4=CN=CC=C4
100003449,COC1=CC=C(C=C1)N2C[C@H](CC2=O)C(=O)N3CCCC[C@H]3C4=CN=CC=C4
100003454,CCOC[C@]1([C@@H]([C@@H]1S(=O)(=O)CC)C2=CC=C(C=C2)OC)CN
100003461,CCOC[C@@]1([C@H]([C@@H]1S(=O)(=O)CC)C2=CC=C(C=C2)OC)CN
100003462,C[C@H](C1=NN=C(S1)N)NC(=O)CC2=CC=CC=C2C(F)(F)F
100003463,COC1=CC(=CC2=C1OCCO2)[C@@H]3CC(=O)OC4=C3C5=C(C=C4)C(=O)CC6(O5)CCCCC6
100003467,COC1=CC(=CC2=C1OCCO2)[C@H]3CC(=O)OC4=C3C5=C(C=C4)C(=O)CC6(O5)CCCCC6
100003475,CN1C=CC=C1/C=C/2\C(=O)C3=C(O2)C=C(C=C3)OCC(=O)C4=C(C=CC(=C4)OC)OC
100003476,CCS(=O)(=O)[C@H]1[C@@H]([C@@H]1C2=CC=C(C=C2)OC)CN
100003478,C1[C@H]2CN(C[C@@H]1C3=CC=CC(=O)N3C2)C(=O)CN4CC5=CC=CC=C5C4=O
100003488,CN1C=C(C=N1)[C@@H](C2CC(C2)O)NC(=O)CCC3=CSC=C3
100003494,CCS(=O)(=O)[C@H]1[C@H]([C@@]1(CO)C(=O)O)C2=CC=C(C=C2)OC
100003510,CCS(=O)(=O)[C@@H]1[C@@H]([C@]1(CO)N)C2=CC=C(C=C2)OC
100003512,CCS(=O)(=O)[C@H]1[C@@H]([C@]1(CO)N)C2=CC=C(C=C2)OC
100003516,CCS(=O)(=O)[C@@H]1[C@H]([C@@H]1C2=CC=C(C=C2)OC)CO
100003517,COC1=CC=C(C=C1)CCCNC(=O)CCSC2=CC=C(C=C2)Cl
100003519,CCN1C=C(C=N1)S(=O)(=O)N[C@H](C2CC(C2)O)C3=CC4=C(C=C3)OCC4
100003520,CC1=CC2=C(C=C1)NC(=O)C(=C2)[C@@H]3CC(=O)OC4=C3C(=O)N(C(=C4)C)CCC5=CC=C(C=C5)O
100003553,CCOC1=CC=C(C=C1)CCCNC(=O)CCSC2=CC=C(C=C2)Cl
100003559,CCC1=NC=CN1CCC(=O)N[C@H](C2CC(C2)O)C3=CC=CC=N3
100003598,CC1=CC(=O)OC2=C3[C@@H](CC(=O)OC3=C(C(=C12)O)C(=O)C)C4=CC(=C(C=C4)OC)O
100003623,CC1=C(C=CC(=C1)C(=O)N(C)[C@@H](C)C2=NC=NC=C2)Cl
100003636,CN1C=CC=C1CNC(=O)C2=CC=CC=C2NC(=O)N3C[C@@H]4C[C@H](C3)C5=CC=CC(=O)N5C4
100003637,CCOC[C@]1([C@@H]([C@@H]1S(=O)(=O)CC)C2=CC=C(C=C2)OC)C(=S)N
100003639,COC1=C(C=C(C=C1)[C@H](C2CC(C2)O)NC3=C(C=CC=N3)C(=O)N)F
100003640,COC(=O)C[C@H](C1=CC2=C(C(=C1)Cl)OCO2)C3=C(C(=CNC3=O)C(=O)OC)O
100003642,COC1=C(C=C(C=C1)[C@@H](C2CC(C2)O)NC3=C(C=CC=N3)C(=O)N)F
100003647,CC(C)C1=CC=C(C=C1)N2C(=O)[C@@H](NC2=O)CC(=O)N3CCC4=CC(=C(C=C4C3)OC)OC
100003648,CCS(=O)(=O)[C@H]1[C@H]([C@H]1C(=S)N)C2=CC=C(C=C2)OC
100003652,COC1=CC(=C(C=C1/C=C/2\C(=O)C3=C(O2)C4=C(C=C3)OC(=O)C[C@H]4C5=CC6=C(C=C5)OCO6)OC)OC
100003657,CC1=CC(=CC=C1)C2=NOC(=N2)CNC(=O)CCSC3=CC=C(C=C3)Cl
100003658,CCS(=O)(=O)[C@@H]1[C@H]([C@@H]1C(=S)N)C2=CC=C(C=C2)OC
100003661,CC1=C(C(=NN1CC(=O)N[C@H](C2=CC=CC=C2)C3=NC=CN3C)C)C(=O)C
100003672,CN(C)C(=O)C[C@H](C1=NN2CCN(CC2=C1)C(=O)CN3CCCCCC3)O
100003675,COC1=CC=C(C=C1)[C@@H]2[C@@H](C2(C#N)C#N)S(=O)(=O)C3=CC=CC=C3
100003676,CN(C)C(=O)C[C@@H](C1=NN2CCN(CC2=C1)C(=O)CN3CCCCCC3)O
100003685,CN(CC1=NC(=NO1)C2=CC=CC=C2)C(=O)CCSC3=CC=C(C=C3)Cl
100003687,COC1=C(C=C(C=C1)C(=O)C2=COC3=C2C(=C(C=C3)O)CN4CCCCCC4)OC
100003690,COC[C@H](C1=CC=CC=N1)NC(=O)C2=CN=C(C=C2)N
100003702,CCOC(=O)[C@@]1([C@@H]([C@@H]1S(=O)(=O)C2=CC=CC=C2)C3=CC=C(C=C3)OC)C#N
100003706,CN(CC1=NC(=NO1)C2=CC=C(C=C2)Cl)C(=O)CCSC3=CC=C(C=C3)Cl
100003715,C1COC[C@@H]1CCCNC(=O)C2=CC=CC=C2C#N
100003724,CC(C)OC1=CC=CC=C1[C@@H]2CC(=O)OC3=C2C4=C(C=C3)C(=O)/C(=C/C5=C(C(=CC=C5)OC)OC)/O4
100003730,COC1=CC=C(C=C1)[C@@H]2[C@H]([C@@]2(C#N)C(=O)O)S(=O)(=O)C3=CC=CC=C3
100003734,CC1=CC(=O)OC2=C3[C@H](CC(=O)OC3=C(C(=C12)O)C(=O)C)C4=CC=C(C=C4)C(=O)OC
100003736,CC1=CC(=C(C=C1)C)[C@@H](C)NC(=O)C2=CC=C(C=C2)[C@@H]3N(C(=O)CS3)CC4=CC=CC=C4
100003737,COC1=CC=C(C=C1)[C@@H]2[C@@H]([C@]2(C#N)N)S(=O)(=O)C3=CC=CC=C3
100003738,COC1=C(C=C(C=C1)[C@@H]2CC(=O)OC3=C2C4=C(C=C3)C(=O)CC5(O4)CCCCC5)OCC(=O)N
100003739,CC1=CC(=C(C=C1)C)[C@H](C)NC(=O)C2=CC=C(C=C2)[C@@H]3N(C(=O)CS3)CC4=CC=CC=C4
100003741,COC1=C(C=C(C=C1)[C@H]2CC(=O)OC3=C2C4=C(C=C3)C(=O)CC5(O4)CCCCC5)OCC(=O)N
100003742,COC1=CC=C(C=C1)[C@@H]2[C@H]([C@]2(C#N)N)S(=O)(=O)C3=CC=CC=C3
100003743,C1C(=O)N([C@@H](S1)C2=CC=C(C=C2)C(=O)NCCCC3=CC=C(C=C3)F)CC4=CC=CC=C4
100003746,C1C(=O)N([C@H](S1)C2=CC=C(C=C2)C(=O)NCCCC3=CC=C(C=C3)F)CC4=CC=CC=C4
100003749,CC1=CC=C(C=C1)OCCNC(=O)C2=CC=C(C=C2)[C@H]3N(C(=O)CS3)CC4=CC=CC=C4
100003750,COC1=CC=C(C=C1)/C=C/2\C(=O)C3=C(O2)C4=C(C=C3)OC(=O)C[C@H]4C5=CC6=CC=CC=C6NC5=O
100003759,CN(CCNC(=O)C1=CC=C(C=C1)[C@@H]2N(C(=O)CS2)CC3=CC=CC=C3)C4=CC=CC=C4
100003763,COCCN(C[C@@H]1CCCO1)C(=O)C2=C(C(=NN2)N)Cl
100003767,CC(C)[C@@H](CO)NC(=O)C1=CNC(=O)C2=CC=CC=C21
100003777,CN1CCC(CC1)NC(=O)C2=CC=C(C=C2)[C@H]3N(C(=O)CS3)CC4=CC=CC=C4
100003779,CN1CCC(CC1)NC(=O)C2=CC=C(C=C2)[C@@H]3N(C(=O)CS3)CC4=CC=CC=C4
100003780,COC1=CC=C(C=C1)[C@@H]2[C@@H]([C@@H]2S(=O)(=O)C3=CC=CC=C3)C#N
100003783,COC1=CC=CC=C1NC(=O)/C(=C/C2=CC=CO2)/C3=CC=CC=C3
100003784,CC1=CC=C(O1)[C@@H](C2=C(N3C(=NC(=N3)C)S2)O)N4C[C@@H]5C[C@H](C4)C6=CC=CC(=O)N6C5
100003793,CCOC(=O)C1([C@@H]([C@H]1S(=O)(=O)C2=CC=CC=C2)C3=CC=C(C=C3)OC)C(=O)OCC
100003821,C1=CC=C(C=C1)/C(=C\C2=CC=CO2)/C(=O)NCCSC3=CC=C(C=C3)Cl
100003823,C1COCCN1CC2=CC(=O)C(=C(O2)[C@@H](CC(=O)N)C3=CC=NC4=CC=CC=C34)O
100003825,C1=CC=C(C=C1)CSCCNC(=O)/C(=C/C2=CC=CO2)/C3=CC=CC=C3
100003826,C1COCCN1CC2=CC(=O)C(=C(O2)[C@H](CC(=O)N)C3=CC=NC4=CC=CC=C34)O
100003827,COC1=CC=C(C=C1)[C@@H]2[C@@H](C2(CN)CN)S(=O)(=O)C3=CC=CC=C3
100003830,COC1=CC=C(C=C1)[C@H]2[C@@H](C2(CN)CN)S(=O)(=O)C3=CC=CC=C3
100003848,CCN1C=C(C(=O)C2=CC3=C(C=C21)OCO3)C(=O)N4CCCC5=C[C@H]6C[C@@H]([C@H]54)CN7[C@H]6CCCC7
100003869,COC1=CC=C(C=C1)[C@@H]2[C@H]([C@]2(CN)N)S(=O)(=O)C3=CC=CC=C3
100003872,COC1=CC=C(C=C1)[C@H]2[C@H]([C@]2(CN)N)S(=O)(=O)C3=CC=CC=C3
100003877,C1C(CC1O)[C@@H](CC2=CC=CC=N2)NC(=O)CCCN3C=CC=N3
100003878,COC1=CC(=CC2=C1OCO2)[C@@H](CC(=O)OC)C3=C(C(=O)C=C(O3)CN4C[C@@H]5C[C@H](C4)C6=CC=CC(=O)N6C5)O
100003883,COC1=C(C=C(C=C1)Cl)NC(=O)/C(=C/C2=CC=CO2)/C3=CC=CC=C3
100003890,COC[C@]1([C@@H]([C@@H]1S(=O)(=O)C2=CC=CC=C2)C3=CC=C(C=C3)OC)CN
100003899,CC1=CC=CC=C1C2=CC=CC(=C2)CN3CCCN4C(=CC(=N4)[C@@H](C)O)C3
100003902,COC1=C(C=C(C=C1)C(=O)C2=COC3=C2C(=C(C=C3)O)CN4CCN(CC4)C5=CC=CC=C5)OC
100003911,C1=CC=C(C=C1)/C(=C\C2=CC=CO2)/C(=O)NC3=CC=C(C=C3)CC#N
100003914,CN1C=C(C=N1)[C@@H](C2CC(C2)O)NC(=O)C3=CC(=NN3)C4=CC=CC=C4F
100003915,CC1=C(C(=O)N(N1C)C2=CC=CC=C2)NC(=O)/C(=C/C3=CC=CO3)/C4=CC=CC=C4
100003916,COC1=CC=C(C=C1)[C@@H]2[C@H]([C@@H]2S(=O)(=O)C3=CC=CC=C3)CN
100003918,COC1=C(C=C(C=C1)NC(=O)/C(=C/C2=CC=CO2)/C3=CC=CC=C3)Cl
100003928,CCN1C(=C(C(=N1)C)C(=O)N[C@@H](CC2=CC=NC=C2)C3CC(C3)O)C
100003929,CC1=CC(=C2C(=C1)C=C(C(=O)N2)[C@@H]3CC(=O)OC4=CC(=C(C(=C34)OC)OC)OC)C
100003937,COC(=O)C[C@H](C1=CC2=C(C=C1)OCO2)C3=C(C(=O)C=C(O3)CN4C[C@@H]5C[C@H](C4)C6=CC=CC(=O)N6C5)O
100003938,COC1=CC=C(C=C1)N2CCN(CC2)C(=O)/C(=C/C3=CC=CO3)/C4=CC=CC=C4
100003939,C[C@H](C1=NN=CN1C2CCCC2)NC(=O)C3=CC=CC=C3OC(F)F
100003948,COC1=CC=C(C=C1)[C@@H]2[C@H]([C@@]2(CO)C(=O)O)S(=O)(=O)C3=CC=CC=C3
100003950,COC1=C(C=C(C=C1)[C@H](CC(=O)OC)C2=C(C(=O)C(=C(C2=O)O)[C@@H](CC(=O)OC)C3=CC(=C(C=C3)OC)OCC(=O)N)O)OCC(=O)N
100003954,CC1=CC(=CC=C1)CSCCNC(=O)/C(=C/C2=CC=CO2)/C3=CC=CC=C3
100003957,COC1=CC=C(C=C1)[C@H]2[C@@H]([C@]2(CO)N)S(=O)(=O)C3=CC=CC=C3
100003958,CC(=O)OC1=C(C=C(C=C1OC)[C@H]2CC(=O)OC3=C2C4=C(C=C3)C(=O)/C(=C\C5=CC(=C(C=C5OC)OC)OC)/O4)OC
100003961,COC(=O)C[C@H](C1=CC=C(C=C1)O)C2=C(C(=O)C=C(O2)CN3C[C@@H]4C[C@H](C3)C5=CC=CC(=O)N5C4)O
100003962,CC1=C(C=C(C=C1)C(=O)OC)NC(=O)/C(=C/C2=CC=CO2)/C3=CC=CC=C3
100003964,COC1=CC=C(C=C1)[C@H]2[C@H]([C@]2(CO)N)S(=O)(=O)C3=CC=CC=C3
100003998,COC[C@]1([C@@H]([C@@H]1S(=O)(=O)C2=CC=CC=C2)C3=CC=C(C=C3)OC)C(=O)O
100004004,CC(C)C1=NOC(=N1)[C@@H]2CCCN(C2)C(=O)CN(C)CC3=CC=CC=N3
100004030,CCS(=O)(=O)NC1=CC=C(C=C1)C(=O)N[C@@H](C)C2=NN=C(O2)C(C)C
100004031,CC1=CC2=C(C=C1)C=C(C(=O)N2)[C@H]3CC(=O)OC4=C3C(=O)OC(=C4)C
100004032,C1CN(C[C@@H]1NC(=O)NC2=CC=CS2)C3=CC=CC=N3
100004033,C1CCN(C1)C(=O)C2=CC=CC=C2NC(=O)/C(=C/C3=CC=CO3)/C4=CC=CC=C4
100004034,CCS(=O)(=O)NC1=CC=C(C=C1)C(=O)N[C@H](C)C2=NN=C(O2)C(C)C
100004036,C1=CC=C(C=C1)CNC(=O)C2=CC=CC=C2NC(=O)/C(=C/C3=CC=CO3)/C4=CC=CC=C4
100004042,C1=CC=C(C=C1)/C(=C\C2=CC=CO2)/C(=O)NC3=CC=CC=C3C(=O)N
100004043,COC[C@]1([C@H]([C@@H]1S(=O)(=O)C2=CC=CC=C2)C3=CC=C(C=C3)OC)N
100004044,COC1=CC=CC(=C1OC)/C=C\2/C(=O)C3=C(O2)C=C(C=C3)OCC4=CC=C(O4)C(=O)OC
100004046,C1CN(CCN1C(=O)/C(=C/C2=CC=CO2)/C3=CC=CC=C3)S(=O)(=O)C4=CC=CC=C4
100004048,COC(=O)C[C@H](C1=CC=CC=C1)C2=C(C(=CNC2=O)C(=O)OC)O
100004051,COC(=O)C[C@@H](C1=CC=CC=C1)C2=C(C(=CNC2=O)C(=O)OC)O
100004053,CCOC[C@]1([C@H]([C@@H]1S(=O)(=O)C2=CC=CC=C2)C3=CC=C(C=C3)OC)N
100004054,C1CCN([C@@H](C1)C2=CN=CC=C2)C(=O)COC3=CC4=C(CCC(=O)N4)C=C3
100004057,CCOC[C@@]1([C@H]([C@@H]1S(=O)(=O)C2=CC=CC=C2)C3=CC=C(C=C3)OC)N
100004058,CC[C@H]1CCCCN1CC(=O)N(C)CC2=NC=CN=C2
100004060,CCOC1=C(C=C(C=C1)CNC(=O)/C(=C/C2=CC=CO2)/C3=CC=CC=C3)OCC
100004062,COC(=O)C[C@@H](C1=CC=C(C=C1)C(=O)OC)C2=C(C(=O)C=C(O2)CN3C[C@@H]4C[C@H](C3)C5=CC=CC(=O)N5C4)O
100004064,C1CC(=O)NN=C1C(=O)N[C@H](C2CC(C2)O)C3=CC=C(C=C3)F
100004075,CC(C)(C)OC(=O)N[C@@]1([C@@H]([C@@H]1S(=O)(=O)C2=CC=CC=C2)C3=CC=C(C=C3)OC)C=O
100004086,COC[C@@]1([C@@H]([C@@H]1S(=O)(=O)C2=CC=CC=C2)C3=CC=C(C=C3)OC)C(=S)N
100004091,COC[C@@]1([C@H]([C@@H]1S(=O)(=O)C2=CC=CC=C2)C3=CC=C(C=C3)OC)C(=S)N
100004095,C1CN2C(=CC(=N2)[C@H](CO)O)CN1CC3=CC=C(C=C3)OC4=CC=CC=C4
100004101,C[C@@H](COC1=CC=C(C=C1)OC)NC(=O)/C(=C/C2=CC=CO2)/C3=CC=CC=C3
100004107,CCOC[C@]1([C@H]([C@@H]1S(=O)(=O)C2=CC=CC=C2)C3=CC=C(C=C3)OC)C(=S)N
100004112,COC1=CC=C(C=C1)[C@@H]2[C@@H]([C@@H]2S(=O)(=O)C3=CC=CC=C3)C(=S)N
100004114,CC1=CC(=O)OC2=C3[C@@H](CC(=O)OC3=C(C(=C12)O)C(=O)C)CC(C)C
100004120,COC1=CC=C(C=C1)[C@H]2[C@H]([C@@H]2S(=O)(=O)C3=CC=CC=C3)C(=S)N
100004121,CC(C)C1CCC(CC1)C(=O)N[C@@H](CC2=CC=CC=C2)C(=O)N3CCCC[C@H]3C4=CN=CC=C4
100004138,CC1=CC=C(C=C1)S(=O)(=O)[C@H]2[C@@H](C2(C#N)C#N)C3=CC=C(C=C3)OC
100004139,CCOC1=CC=C(C=C1)CCCNC(=O)/C(=C/C2=CC=CO2)/C3=CC=CC=C3
100004140,C1[C@H]2CN(C[C@@H]1C3=CC=CC(=O)N3C2)C(=O)C4=CC(=NN4)C5=CSC=C5
100004159,CC1=CC=C(C=C1)OC[C@@H](C)NC(=O)/C(=C/C2=CC=CO2)/C3=CC=CC=C3
100004160,CC1=CC2=C([C@H](CC(=O)O2)C3=CC4=CC5=C(C=C4NC3=O)OCCO5)C(=O)N1CCC6=CC=C(C=C6)O
100004163,CC1=CC(=C(C(=O)O1)[C@H](CC(=O)OC)C2=CC(=C(C=C2)OC)OC)O
100004168,CC1CCN(CC1)C2=CC=C(C=C2)[C@H](C)NC(=O)/C(=C/C3=CC=CO3)/C4=CC=CC=C4
100004170,CC[C@@H](C1CC(C1)O)NC(=O)C2=CC=C(C=C2)N(C)CCO
100004171,CN1C2=CC=CC=C2C=C1C(=O)N3CCCC[C@H]3C4=CN=CC=C4
100004173,C[C@@H]1CCCN(C1)C2=CC=C(C=C2)[C@@H](C)NC(=O)/C(=C/C3=CC=CO3)/C4=CC=CC=C4
100004174,C[C@@H](C1CCN(CC1)C(=O)CN2C=CC(=O)C=C2)N3CCCC3
100004178,C[C@H](C1CCN(CC1)C(=O)CN2C=CC(=O)C=C2)N3CCCC3
100004184,CC1=CC2=C([C@H](CC(=O)O2)C3=CC=C(C=C3)OC)C(=O)O1
100004189,CC1=CC=C(C=C1)S(=O)(=O)[C@H]2[C@H]([C@]2(C#N)C(=O)O)C3=CC=C(C=C3)OC
100004192,CC1(C[C@@H](C2=C(O1)C=CC(=C2)OC)NC(=O)/C(=C/C3=CC=CO3)/C4=CC=CC=C4)C
100004195,CC1(C[C@H](C2=C(O1)C=CC(=C2)OC)NC(=O)/C(=C/C3=CC=CO3)/C4=CC=CC=C4)C
100004196,COC1=NC=C(C=C1)[C@H](C2CC(C2)O)NC(=O)C3=NN4C=CC=NC4=C3
100004197,C1[C@H](C2=C(C=CC3=C2O/C(=C/C4=CN=CC=C4)/C3=O)OC1=O)C5=CC6=CC=CC=C6NC5=O
100004201,C1[C@H]2C[C@H]([C@@H]1C=C2)CNC(=O)CCC3=NC(=NO3)C4=CC=NC=C4
100004205,C1[C@@H]2C[C@H]([C@@H]1C=C2)CNC(=O)CCC3=NC(=NO3)C4=CC=NC=C4
100004211,CC1=C(C=C(C=C1)[C@H](C)NC(=O)/C(=C/C2=CC=CO2)/C3=CC=CC=C3)C
100004212,CC1=CC=C(C=C1)S(=O)(=O)[C@@H]2[C@@H]([C@@]2(C#N)N)C3=CC=C(C=C3)OC
100004235,C1CCN([C@@H](C1)C2=CN=CC=C2)C(=O)CC3=CSC(=N3)N4C=CC=C4
100004236,CC[C@H](C1=CC=C(C=C1)S(=O)(=O)C)NC(=O)/C(=C/C2=CC=CO2)/C3=CC=CC=C3
100004240,CCOC[C@@]1([C@H]([C@@H]1S(=O)(=O)C2=CC=C(C=C2)C)C3=CC=C(C=C3)OC)C#N
100004248,CC1=CC=C(C=C1)S(=O)(=O)[C@H]2[C@@H]([C@@H]2C3=CC=C(C=C3)OC)C#N
100004253,CC1=CC=C(C=C1)S(=O)(=O)[C@H]2[C@H]([C@@H]2C3=CC=C(C=C3)OC)C#N
100004259,CCOC(=O)C1([C@H]([C@@H]1S(=O)(=O)C2=CC=C(C=C2)C)C3=CC=C(C=C3)OC)C(=O)OCC
100004264,CC[C@H](C1CC(C1)O)NC(=O)C2=CC=CC(=C2)C3=CC=C(O3)C
100004271,CCOC(=O)[C@@]1([C@@H]([C@@H]1S(=O)(=O)C2=CC=C(C=C2)C)C3=CC=C(C=C3)OC)CN
100004272,CN1C=C(C=N1)[C@H](C2CC(C2)O)NC(=O)CN3CCCCCC3
100004274,CCOC(=O)[C@]1([C@H]([C@@H]1S(=O)(=O)C2=CC=C(C=C2)C)C3=CC=C(C=C3)OC)CN
100004409,CC1=CC=C(C=C1)S(=O)(=O)[C@H]2[C@@H]([C@@]2(CO)N)C3=CC=C(C=C3)OC
100004411,CC1=CC(=O)OC2=C3[C@@H](CC(=O)OC3=C(C(=C12)O)C(=O)C)C4=CC5=C(C=C4)N=CC=C5
100004419,C[C@H](C1=CC=CC=C1N2C=CC=N2)NC(=O)CSC3=CC=CC=N3
100004421,COC1=CC(=CC2=C1OCCO2)[C@H](CC(=O)OC)C3=C(C(=CNC3=O)C(=O)OC)O
100004422,CC1=CC=C(C=C1)S(=O)(=O)[C@H]2[C@@H]([C@@H]2C3=CC=C(C=C3)OC)CO
100004425,CC1=CC=C(C=C1)S(=O)(=O)[C@H]2[C@H]([C@H]2C3=CC=C(C=C3)OC)CO
100004428,COC(=O)C[C@@H](C1=CC=C(C=C1)O)C2=C(C(=CNC2=O)C(=O)OC)O
100004432,COC1=CC=C(C=C1)CSCC(=O)NC2=CC=CC=C2C(=O)NC3CCCCC3
100004436,COC1=CC=C(C=C1)CSCC(=O)NC2=CC=CC=C2C(=O)N3CCCC3
100004440,COC1=CC=C(C=C1)CSCC(=O)NC2=CC=CC=C2C(=O)NCC3=CC=CC=C3
100004443,CC1=CC=C(C=C1)S(=O)(=O)[C@H]2[C@H]([C@]2(COC)C(=O)O)C3=CC=C(C=C3)OC
100004449,CC(=C)COC1=CC=CC=C1[C@@H]2CC(=O)OC3=C2C4=C(C=C3)C(=O)/C(=C/C5=CN=CC=C5)/O4
100004450,COC1=CC=C(C=C1)CSCC(=O)NCC2=C(C(=C(C=C2)OC)OC)OC
100004451,CC1=CC=C(C=C1)S(=O)(=O)[C@H]2[C@@H]([C@@]2(COC)C(=O)O)C3=CC=C(C=C3)OC
100004454,CCOC1=C(C=C(C=C1)CNC(=O)CSCC2=CC=C(C=C2)OC)OCC
100004463,CC1=CC=C(C=C1)S(=O)(=O)[C@@H]2[C@@H]([C@H]2C(=O)O)C3=CC=C(C=C3)OC
100004473,CC1=CC=C(C=C1)S(=O)(=O)[C@H]2[C@H]([C@]2(COC)N)C3=CC=C(C=C3)OC
100004485,C1C(CC1O)[C@H](C2=CC=CS2)NC(=O)C3=C(C=NC=C3)F
100004493,C[C@H](COC1=CC=C(C=C1)OC)NC(=O)CSCC2=CC=C(C=C2)OC
100004497,C1CC1[C@H](C2=NN3CCN(CC3=C2)C(=O)C4=C5C(=CC=C4)OCCO5)O
100004499,COC1=CC(=CC(=C1OC)OC)[C@H](CC(=O)OC)C2=C(C(=O)C(=C(C2=O)O)[C@@H](CC(=O)OC)C3=CC(=C(C(=C3)OC)OC)OC)O
100004506,CC1=CC=C(C=C1)S(=O)(=O)[C@@H]2[C@@H]([C@@H]2N)C3=CC=C(C=C3)OC
100004509,CN1C=CC2=C(C=CC=C21)C(=O)N3CCCC[C@H]3C4=CN=CC=C4
100004510,C1CN(C[C@@H]1O)C2=NC=NC(=C2)C3CC(C3)NC(=O)CC4=CC=CS4
100004513,C1CCN([C@@H](C1)C2=CN=CC=C2)C(=O)CC[C@H]3C(=O)N(C(=O)N3)CC4=CC=CO4
100004536,CCCOC1=CC=CC=C1CCCNC(=O)CSCC2=CC=C(C=C2)OC
100004539,C1C[C@](NC1=O)(CCC(=O)NCC2=CC3=C(N2)C=CC(=C3)F)CCC(=O)O
100004542,COC1=CC=C(C=C1)CSCC(=O)NCCCC2=CC(=C(C=C2)OC)OC
100004543,C1C[C@@](NC1=O)(CCC(=O)NCC2=CC3=C(N2)C=CC(=C3)F)CCC(=O)O
100004547,CC1=CC=CC=C1OC[C@H](C)NC(=O)CSCC2=CC=C(C=C2)OC
100004568,C[C@@H]1CCCN(C1)C2=CC=C(C=C2)[C@@H](C)NC(=O)CSCC3=CC=C(C=C3)OC
100004583,COC1=CC2=C(C=C1)NC(=O)C(=C2)[C@H]3CC(=O)OC4=C3C5=C(C=C4)C(=O)/C(=C/C6=C(C(=CC=C6)OC)OC)/O5
100004585,COC1=CC=C(C=C1)[C@H]2[C@H](C2(C#N)C#N)S(=O)(=O)C3=CC=C(C=C3)Cl
100004594,CC1(C[C@@H](C2=C(O1)C=C(C=C2)OC)NC(=O)CSCC3=CC=C(C=C3)OC)C
100004595,COC1=CC=C(C=C1)[C@@H]2[C@H]([C@@]2(C=O)C#N)S(=O)(=O)C3=CC=C(C=C3)Cl
100004599,C1[C@@H](C2=C(C=CC3=C2OC=C(C3=O)Cl)OC1=O)C4=CC=C(C=C4)C(=O)O
100004601,CCOC(=O)[C@]1([C@@H]([C@@H]1S(=O)(=O)C2=CC=C(C=C2)Cl)C3=CC=C(C=C3)OC)C#N
100004603,CCOC(=O)[C@@]1([C@@H]([C@@H]1S(=O)(=O)C2=CC=C(C=C2)Cl)C3=CC=C(C=C3)OC)C#N
100004607,CC[C@@H](C1=CC(=C(C=C1)C)C)NC(=O)CSCC2=CC=C(C=C2)OC
100004609,CCOC(=O)[C@@]1([C@H]([C@@H]1S(=O)(=O)C2=CC=C(C=C2)Cl)C3=CC=C(C=C3)OC)C#N
100004616,CC1=C(SC=N1)CCC(=O)N[C@H](C2CC(C2)O)C3=CN(N=C3)C
100004623,CC[C@@H](C1=CC(=C(C=C1)OC)OC)NC(=O)CSCC2=CC=C(C=C2)OC
100004631,COC1=CC=C(C=C1)CSCC(=O)NCC2=NC(=NO2)C3=CC=CC=C3
100004634,CC1=CC(=CC=C1)C2=NOC(=N2)CNC(=O)CSCC3=CC=C(C=C3)OC
100004635,CC1=CC2=C([C@@H](CC(=O)O2)C3=CC4=C(C=C(C=C4)OC)NC3=O)C(=O)O1
100004638,CC1=CC2=C([C@H](CC(=O)O2)C3=CC4=C(C=C(C=C4)OC)NC3=O)C(=O)O1
100004639,COC1=CC=C(C=C1)[C@H]2[C@@H]([C@]2(C#N)N)S(=O)(=O)C3=CC=C(C=C3)Cl
100004649,C1CC1C2=C(N=CO2)C(=O)N[C@H](C3CC(C3)O)C4=CC=CC=N4
100004666,COC1=CC=CC(=C1OC)/C=C\2/C(=O)C3=C(O2)C4=C(C=C3)OC(=O)C[C@H]4C5=CC=NC6=CC=CC=C56
100004673,CN(CC1=NC(=NO1)C2=CC(=CC=C2)OC)C(=O)CSCC3=CC=C(C=C3)OC
100004678,CN(CC1=NC(=NO1)C2=CC=C(C=C2)OC)C(=O)CSCC3=CC=C(C=C3)OC
100004679,C1[C@@H](C2=C(C=CC3=C2O/C(=C\C4=CN=CC=C4)/C3=O)OC1=O)C5=CC=NC=C5
100004680,COC1=CC=C(C=C1)[C@H]2[C@H]([C@@H]2S(=O)(=O)C3=CC=C(C=C3)Cl)C#N
100004689,COC1=CC=C(C=C1)CCOC2=C(C=CC(=C2)[C@@H](CC(=O)OC)C3=C(C4=CC=CC=C4OC3=O)O)OC
100004691,CCOC(=O)C1([C@@H]([C@@H]1S(=O)(=O)C2=CC=C(C=C2)Cl)C3=CC=C(C=C3)OC)C(=O)OCC
100004695,CC1=CC2=C([C@@H](CC(=O)O2)CC(C)C)C(=O)N1CCC3=CC=C(C=C3)O
100004724,COC1=CC=CC=C1CCCNC(=O)C2=C(C=C(C=C2)[N+](=O)[O-])Cl
100004725,CCOC(=O)[C@]1([C@H]([C@@H]1S(=O)(=O)C2=CC=C(C=C2)Cl)C3=CC=C(C=C3)OC)N
100004727,CCOC(=O)[C@@]1([C@H]([C@@H]1S(=O)(=O)C2=CC=C(C=C2)Cl)C3=CC=C(C=C3)OC)N
100004730,CC1=CC(=NC(=O)N1CCNC(=O)[C@H]2CC3=C(N2)C=CC(=C3)Cl)C
100004735,CSCC[C@@H](CO)NC(=O)C1=C(N(N=C1)C2=CC=CC=C2Br)N3C=CC=C3
100004736,CCCOC1=CC=CC=C1CCCNC(=O)C2=C(C=C(C=C2)[N+](=O)[O-])Cl
100004737,COC1=CC=C(C=C1)[C@@H]2[C@H](C2(CN)CN)S(=O)(=O)C3=CC=C(C=C3)Cl
100004739,COC1=CC=C(C=C1)[C@H]2[C@H](C2(CN)CN)S(=O)(=O)C3=CC=C(C=C3)Cl
100004740,CC1=CC=C(C=C1)OC[C@@H](C)NC(=O)C2=C(C=C(C=C2)[N+](=O)[O-])Cl
100004745,COC1=CC=C(C=C1)[C@H]2[C@@H]([C@@]2(CN)CO)S(=O)(=O)C3=CC=C(C=C3)Cl
100004746,CC1CCN(CC1)C2=CC=C(C=C2)[C@@H](C)NC(=O)C3=C(C=C(C=C3)[N+](=O)[O-])Cl
100004747,CC(C)[C@@H](C1=NC2=CC=CC=C2N1C)NC(=O)[C@H]3CC(=O)N(C3)C4=CC=CC=C4F
100004748,CC1=CC(=C(C(=O)N1CCC2=CC=C(C=C2)O)[C@H](CC(=O)OC)C3=COC4=CC=CC=C4C3=O)O
100004756,C1CCC2(CC1)CC(=O)C3=C(O2)C4=C(C=C3)OC(=O)C[C@H]4C5=CN=CC=C5
100004763,COC1=C(C=C(C=C1)NC(=O)C[C@@H]2C3=C(C(=C(C=C3)OC)OC)C(=O)O2)N4CCCS4(=O)=O
100004768,COC1=C(C=C(C=C1)NC(=O)C[C@H]2C3=C(C(=C(C=C3)OC)OC)C(=O)O2)N4CCCS4(=O)=O
100004771,COC1=CC=C(C=C1)[C@@H]2[C@@H]([C@]2(CN)N)S(=O)(=O)C3=CC=C(C=C3)Cl
100004775,COC1=CC=C(C=C1)[C@H]2[C@@H]([C@]2(CN)N)S(=O)(=O)C3=CC=C(C=C3)Cl
100004782,COC1=CC=C(C=C1)[C@H]2[C@H]([C@]2(CN)N)S(=O)(=O)C3=CC=C(C=C3)Cl
100004786,CC(C)(C)OC(=O)N[C@]1([C@@H]([C@@H]1S(=O)(=O)C2=CC=C(C=C2)Cl)C3=CC=C(C=C3)OC)CN
100004810,CC1=CC2=C([C@@H](CC(=O)O2)C3=CC(=C(C=C3)OC)OC)C(=O)N1CCC4=CC=C(C=C4)O
100004811,COC[C@@]1([C@H]([C@@H]1S(=O)(=O)C2=CC=C(C=C2)Cl)C3=CC=C(C=C3)OC)CN
100004819,C1=CC(=CN=C1)/C=C\2/C(=O)C3=C(O2)C(=C(C=C3)O)[C@H](CC(=O)O)C4=CN=CC=C4
100004829,CC[C@H](C1CC(C1)O)NS(=O)(=O)C2=CC3=C(C=C2)OC(=O)N3C
100004834,COC1=CC(=C(C=C1/C=C/2\C(=O)C3=C(O2)C4=C(C=C3)OC(=O)C[C@H]4C5=CC=C(C=C5)SC)OC)OC
100004845,COC1=CC=C(C=C1)[C@@H]2[C@@H](C2(CO)CO)S(=O)(=O)C3=CC=C(C=C3)Cl
100004865,COC1=C(C2=C(C=C1)[C@@H](OC2=O)CC(=O)NC3=CC(=C(C=C3)N4CCCS4(=O)=O)OC)OC
100004868,CCOC1=C(C=C(C=C1)CNC(=O)C2=C(C=CC(=C2)[N+](=O)[O-])Cl)OCC
100004870,C[C@@H](CC(=O)N1CCC2=C(C1)C=NN2)N3CCOCC3
100004885,CC1=CC2=C([C@H](CC(=O)O2)C3=CC(=C(C=C3OC)OC)OC)C(=O)N1CCC4=CC=C(C=C4)O
100004889,C1COCCN1CC2=CC(=O)C(=C(O2)[C@H](CC(=O)N)C3=CC=C(C=C3)O)O
100004891,C1COCCN1CC2=CC(=O)C(=C(O2)[C@@H](CC(=O)N)C3=CC=C(C=C3)O)O
100004894,COC1=CC=C(C=C1)[C@H]2[C@@H]([C@@H]2S(=O)(=O)C3=CC=C(C=C3)Cl)CO
100004895,C1CCN([C@@H](C1)C2=CN=CC=C2)C(=O)C[C@H]3C(=O)N(C(=O)N3)CCC4=CC=CC=C4
100004896,C1CCC(C1)C(=O)N[C@@H](C2CC(C2)O)C3=CC4=C(C=C3)OCC4
100004900,COC1=CC=C(C=C1)[C@H]2[C@@H]([C@]2(C(=O)O)N)S(=O)(=O)C3=CC=C(C=C3)Cl
100004906,COC1=CC=C(C=C1)[C@H]2[C@H]([C@]2(C(=O)O)N)S(=O)(=O)C3=CC=C(C=C3)Cl
100004908,CCN1C=CC2=C1C=CC(=C2)C(=O)N[C@H](C3CC(C3)O)C4=CC=CC=N4
100004909,CCOC1=CC=C(C=C1)CCCNC(=O)C2=C(C=CC(=C2)[N+](=O)[O-])Cl
100004911,COC[C@@]1([C@@H]([C@@H]1S(=O)(=O)C2=CC=C(C=C2)Cl)C3=CC=C(C=C3)OC)C(=O)O
100004913,COCCN1C=C(C2=CC=CC=C21)CCC(=O)N3CCCC4=C[C@H]5C[C@@H]([C@H]43)CN6[C@H]5CCCC6
100004914,CCOC(=O)C1=CNC(=O)C2=C1OC(=O)C[C@H]2C3=CC4=C(C(=C3)Cl)OCO4
100004915,CCCOC1=CC=CC=C1CCCNC(=O)C2=C(C=CC(=C2)[N+](=O)[O-])Cl
100004917,COCCN1C=C(C2=CC=CC=C21)CCC(=O)N3CCCC4=C[C@H]5C[C@@H]([C@@H]43)CN6[C@H]5CCCC6
100004920,COC[C@]1([C@H]([C@@H]1S(=O)(=O)C2=CC=C(C=C2)Cl)C3=CC=C(C=C3)OC)C(=O)O
100004923,CC1=CC=CC=C1OC[C@H](C)NC(=O)C2=C(C=CC(=C2)[N+](=O)[O-])Cl
100004927,CC1=CC=C(C=C1)OC[C@@H](C)NC(=O)C2=C(C=CC(=C2)[N+](=O)[O-])Cl
100004932,COC1=CC=CC(=C1OC)/C=C\2/C(=O)C3=C(O2)C4=C(C=C3)OC(=O)C[C@H]4C5=CC=CC=C5OCCC6=CC7=C(C=C6)OCC7
100004934,CS(=O)(=O)C[C@H](C1=NN2CCN(CC2=C1)CC3=CC4=C(C=C3)OCC4)O
100004943,COC[C@]1([C@@H]([C@@H]1S(=O)(=O)C2=CC=C(C=C2)Cl)C3=CC=C(C=C3)OC)N
100004946,CC[C@@H](C)[C@@H](CO)NC(=O)[C@H]1CC(=O)N(C1)CCC2=CC=CC=C2
100004976,COC1=CC=C(C=C1)[C@@H]2[C@H]([C@@H]2S(=O)(=O)C3=CC=C(C=C3)Cl)N
100004989,C1CCN([C@@H](C1)C2=CN=CC=C2)C(=O)C3=CC(=NN3)C4=CSC=C4
100004991,CC[C@H](C1=C(C=C(C=C1)C)C)NC(=O)C2=C(C=CC(=C2)[N+](=O)[O-])Cl
100004993,CC[C@@H](C1=C(C=C(C=C1)C)C)NC(=O)C2=C(C=CC(=C2)[N+](=O)[O-])Cl
100004999,CC[C@H](C1=CC(=C(C=C1)OC)OC)NC(=O)C2=C(C=CC(=C2)[N+](=O)[O-])Cl
100005002,CCOC(=O)CC1=C(C(=O)NN1)[C@@H](CC(=O)N)C2=CC3=C(C=C2)N(C(=O)N3C)C
100005029,CC1=CC(=O)OC2=C3[C@H](CC(=O)OC3=C(C(=C12)O)C(=O)C)C4=CC5=C(C=C4)OCCO5
100005032,COC1=CC=C(C=C1)[C@@H]2[C@@H]([C@@H]2S(=O)(=O)C3=CC=C(C=C3)Cl)C(=S)N
100005035,CN(CC1=NC(=NO1)C2=C(C=C(C=C2)OC)OC)C(=O)C3=C(C=CC(=C3)[N+](=O)[O-])Cl
100005038,CN(CC1=NC(=NO1)C2=CC=CC=C2Cl)C(=O)C3=C(C=CC(=C3)[N+](=O)[O-])Cl
100005039,CC1=CC2=C([C@H](CC(=O)O2)C3=CC4=C(C=C3)OCO4)C(=O)O1
100005040,COC1=CC=C(C=C1)[C@H]2[C@H]([C@@H]2S(=O)(=O)C3=CC=C(C=C3)Cl)C(=S)N
100005051,CN1CCN(CC1)CC2=C(C=CC3=C2C(=CO3)C(=O)C4=CC=C(C=C4)OC)O
100005052,CC1=CC=C(C=C1)CS(=O)(=O)N[C@@H](C2CC(C2)O)C3=CC=CC=N3
100005064,CS(=O)(=O)[C@H]1[C@H](C1(C#N)C#N)C2=CC3=C(C=C2)OCO3
100005070,CC1=CC(=O)C=C(O1)C(=O)NC[C@@H]2CCCN(C2)CCO
100005071,CC1CCN(CC1)C2=CC=C(C=C2)[C@H](C)NC(=O)C3=CC(=C(C(=C3)OC)OC)OC
100005073,CS(=O)(=O)[C@@H]1[C@H]([C@@]1(C=O)C#N)C2=CC3=C(C=C2)OCO3
100005076,CN1C=C(C=N1)[C@@H](CC(=O)OC)C2=C(C(=O)C=C(O2)CN3CCCCC3)O
100005077,CS(=O)(=O)[C@H]1[C@H]([C@@]1(C=O)C#N)C2=CC3=C(C=C2)OCO3
100005090,CC1=CC2=C(C=C1)OC(C[C@@H]2NC(=O)C3=CC(=C(C(=C3)OC)OC)OC)(C)C
100005095,CC1=CC2=C(C=C1)[C@@H](CC(O2)(C)C)NC(=O)C3=CC(=C(C(=C3)OC)OC)OC
100005106,CS(=O)(=O)[C@@H]1[C@@H]([C@@]1(CO)C#N)C2=CC3=C(C=C2)OCO3
100005152,CC(C)C1=CC=C(C=C1)CCCNC(=O)C2=CC(=C(C(=C2)OC)OC)OC
100005155,COC1=CC(=CC(=C1OC)OC)C(=O)NCCCN2CCCC3=CC=CC=C32
100005161,CC1=C(C=CC(=C1)C(=O)NC2=CC=CC=C2C(=O)C3=CC=CC=C3)[N+](=O)[O-]
100005184,CCOC(=O)[C@]1([C@H]([C@@H]1S(=O)(=O)C)C2=CC3=C(C=C2)OCO3)N
100005193,CS(=O)(=O)[C@@H]1[C@@H](C1(CN)CN)C2=CC3=C(C=C2)OCO3
100005195,CC1=CC2=C(C=C1)[C@@H](CC(O2)(C)C)NC(=O)C3=CC(=C(C=C3)[N+](=O)[O-])C
100005203,CS(=O)(=O)[C@@H]1[C@@H]([C@@]1(CN)CO)C2=CC3=C(C=C2)OCO3
100005206,CS(=O)(=O)[C@H]1[C@@H]([C@@]1(CN)CO)C2=CC3=C(C=C2)OCO3
100005210,CCN(CC)CC1=CC(=C(O1)C)C(=O)N2CCC[C@H](C2)C3=NC=NC=C3
100005212,CC[C@H](C1=CC(=C(C=C1)C)C)NC(=O)C2=CC(=C(C=C2)[N+](=O)[O-])C
100005214,CCN(CC)CC1=CC(=C(O1)C)C(=O)N2CCC[C@@H](C2)C3=NC=NC=C3
100005215,CC[C@@H](C1=CC(=C(C=C1)C)C)NC(=O)C2=CC(=C(C=C2)[N+](=O)[O-])C
100005238,CC(C)(C)OC(=O)N[C@@]1([C@H]([C@@H]1S(=O)(=O)C)C2=CC3=C(C=C2)OCO3)CN
100005245,CN1C(=CC=N1)[C@@H](CC(=O)OC)C2=C(C3=CC=CC=C3OC2=O)O
100005248,CN1C(=CC=N1)[C@H](CC(=O)OC)C2=C(C3=CC=CC=C3OC2=O)O
100005253,CCOC[C@@]1([C@@H]([C@@H]1S(=O)(=O)C)C2=CC3=C(C=C2)OCO3)CN
100005257,CCOC[C@]1([C@H]([C@@H]1S(=O)(=O)C)C2=CC3=C(C=C2)OCO3)CN
100005267,CC1=C(C=CC(=C1)C(=O)NCCCN2CCCC3=CC=CC=C32)[N+](=O)[O-]
100005291,CCOC1=C(C=C(C=C1)CNC(=O)[C@@H](C)SC2=CC=C(C=C2)C)OCC
100005297,CC1=CC=C(C=C1)S[C@H](C)C(=O)NCC2=CC(=C(C=C2)OC(C)C)OC
100005300,CS(=O)(=O)[C@@H]1[C@@H]([C@]1(CO)N)C2=CC3=C(C=C2)OCO3
100005311,CS(=O)(=O)[C@@H]1[C@@H]([C@@H]1C2=CC3=C(C=C2)OCO3)CO
100005314,CC1=CC=C(C=C1)S[C@@H](C)C(=O)NCCCC2=CC=CC=C2Cl
100005318,COC1=NC=C(C=C1)[C@H](C2CC(C2)O)NC(=O)C3=NC4=C(C=CC=C4F)C=C3
100005320,CC1=CC=C(C=C1)S[C@H](C)C(=O)NCCCC2=CC=C(C=C2)Cl
100005329,COC[C@]1([C@@H]([C@@H]1S(=O)(=O)C)C2=CC3=C(C=C2)OCO3)C(=O)O
100005333,COC[C@@]1([C@H]([C@@H]1S(=O)(=O)C)C2=CC3=C(C=C2)OCO3)C(=O)O
100005352,CC1=CC=C(C=C1)S[C@@H](C)C(=O)N[C@H](C)COC2=CC=C(C=C2)OC
100005358,CC1=CC=C(C=C1)S[C@@H](C)C(=O)NC2=CC=CC=C2C(=O)C3=CC=CC=C3
100005359,COC[C@@]1([C@H]([C@@H]1S(=O)(=O)C)C2=CC3=C(C=C2)OCO3)N
100005372,C[C@@H](C(=O)OC)NC(=O)C(C)(C)OC1=CC=C(C=C1)[C@H]2CC2(Cl)Cl
100005376,CC1=CC=C(C=C1)S[C@H](C)C(=O)NCCCC2=CC=C(C=C2)OC(C)C
100005379,CC1=CC=C(C=C1)S[C@@H](C)C(=O)NC2=CC=C(C=C2)OC3CCCC3
100005381,CS(=O)(=O)[C@H]1[C@H]([C@H]1N)C2=CC3=C(C=C2)OCO3
100005391,CC(C)(C)OC(=O)N[C@]1([C@H]([C@@H]1S(=O)(=O)C)C2=CC3=C(C=C2)OCO3)C=O
100005394,CCOC1=CC=C(C=C1)CCCNC(=O)[C@@H](C)SC2=CC=C(C=C2)C
100005396,CCOC1=CC=C(C=C1)CCCNC(=O)[C@H](C)SC2=CC=C(C=C2)C
100005401,CC1=C(C2=C(C=C1)NC(=N2)CCC(=O)N[C@@H](C)CC3=NC=CN=C3)C
100005402,COC[C@@]1([C@H]([C@@H]1S(=O)(=O)C)C2=CC3=C(C=C2)OCO3)C(=S)N
100005403,CCCOC1=CC=CC=C1CCCNC(=O)[C@H](C)SC2=CC=C(C=C2)C
100005404,CC1=C(C2=C(C=C1)NC(=N2)CCC(=O)N[C@H](C)CC3=NC=CN=C3)C
100005407,CCOC(=O)C1=CNC(=O)C2=C1OC(=O)C[C@@H]2C3=CC4=C(C=C3)N(C(=O)N4C)C
100005408,CC1=CC=C(C=C1)S[C@H](C)C(=O)N[C@@H](C)COC2=CC=CC=C2C
100005409,CCOC[C@@]1([C@@H]([C@@H]1S(=O)(=O)C)C2=CC3=C(C=C2)OCO3)C(=S)N
100005410,CC1=CC(=NN1C2=CC=CC(=C2)CN(C[C@@H]3CCCO3)CC4CC4)C
100005411,CCOC(=O)C1=CNC(=O)C2=C1OC(=O)C[C@H]2C3=CC4=C(C=C3)N(C(=O)N4C)C
100005419,CCOC[C@]1([C@H]([C@@H]1S(=O)(=O)C)C2=CC3=C(C=C2)OCO3)C(=S)N
100005426,CC(C)[C@@H](CO)NC(=O)[C@@H]1CC(=O)N(C1)CC2=CC=CC=C2
100005430,CC1=CC=C(C=C1)OC[C@H](C)NC(=O)[C@H](C)SC2=CC=C(C=C2)C
100005452,CCS(=O)(=O)[C@H]1[C@@H](C1(C#N)C#N)C2=CC3=C(C=C2)OCO3
100005453,CC1=CC=C(C=C1)S[C@@H](C)C(=O)N[C@@H]2CC(OC3=C2C=C(C=C3)C)(C)C
100005454,CC1=CC=C(C=C1)S[C@H](C)C(=O)N[C@@H]2CC(OC3=C2C=C(C=C3)C)(C)C
100005466,CCOC(=O)CC1=C(C(=O)NN1)[C@@H](CC(=O)N)C2=CC=C(C=C2)OCC3=CC=CC=N3
100005470,CCC1=C(N(N=C1C)CC(=O)NC[C@H]2CCCN(C2)C3=CC=CC=N3)C
100005472,CCOC(=O)[C@]1([C@@H]([C@@H]1S(=O)(=O)CC)C2=CC3=C(C=C2)OCO3)C#N
100005478,CCOC(=O)[C@@]1([C@H]([C@@H]1S(=O)(=O)CC)C2=CC3=C(C=C2)OCO3)C#N
100005483,COC[C@@H]1CCN(C1)C(=O)CCCN2C=NC=N2
100005486,COC[C@H]1CCN(C1)C(=O)CCCN2C=NC=N2
100005487,CCS(=O)(=O)[C@@H]1[C@@H]([C@@]1(CO)C#N)C2=CC3=C(C=C2)OCO3
100005496,CC1=CC=C(C=C1)S[C@@H](C)C(=O)N[C@@H](C)C2=CC(=C(C=C2)C)C
100005503,CC(=O)C1=C(C2=C(C=C1)OC(=O)C[C@H]2C3=CC(=C(C=C3)F)Cl)O
100005505,CC(=O)C1=C(C2=C(C=C1)OC(=O)C[C@@H]2C3=CC(=C(C=C3)F)Cl)O
100005508,CC[C@@H](C1=CC(=C(C=C1)C)C)NC(=O)[C@@H](C)SC2=CC=C(C=C2)C
100005512,CC[C@@H](C1=CC(=C(C=C1)C)C)NC(=O)[C@H](C)SC2=CC=C(C=C2)C
100005514,CC[C@H](C1=C(C=C(C=C1)C)C)NC(=O)[C@@H](C)SC2=CC=C(C=C2)C
100005516,CC[C@@H](C1=C(C=C(C=C1)C)C)NC(=O)[C@@H](C)SC2=CC=C(C=C2)C
100005523,CC[C@@H](C1=C(C=C(C=C1)C)C)NC(=O)[C@H](C)SC2=CC=C(C=C2)C
100005524,CCOC[C@@]1([C@@H]([C@@H]1S(=O)(=O)CC)C2=CC3=C(C=C2)OCO3)C#N
100005525,CC[C@H](C1=CC(=C(C=C1)OC)OC)NC(=O)[C@@H](C)SC2=CC=C(C=C2)C
100005526,CCOC[C@]1([C@H]([C@@H]1S(=O)(=O)CC)C2=CC3=C(C=C2)OCO3)C#N
100005530,CC(=O)C1=C(C2=C(C=C1)OC(=O)C[C@@H]2C3=CN(N=C3)C)O
100005533,CCS(=O)(=O)[C@@H]1[C@H]([C@@H]1C2=CC3=C(C=C2)OCO3)C#N
100005544,CSCC[C@@H](CO)NC(=O)C1CCN(CC1)C2=NC=CC=N2
100005546,CC[C@@H](C1=CC=C(C=C1)S(=O)(=O)C)NC(=O)[C@H](C)SC2=CC=C(C=C2)C
100005556,CCC1=NC=CN1CC(=O)N2CCCC[C@@H]2CCN3C=CC=N3
100005564,CCOC(=O)[C@]1([C@@H]([C@@H]1S(=O)(=O)CC)C2=CC3=C(C=C2)OCO3)N
100005565,CC1=CC(=NC(=N1)N[C@@H](CCSC)C(=O)N2CCC(CC2)C3=NN=C4N3C=CC=C4)C
100005566,CC1=CC=C(C=C1)S[C@@H](C)C(=O)NCC2=NC(=NO2)C3=CC=CC=C3Cl
100005572,CCOC(=O)[C@]1([C@H]([C@@H]1S(=O)(=O)CC)C2=CC3=C(C=C2)OCO3)N
100005576,CC1=CC=C(C=C1)S[C@H](C)C(=O)NCC2=NC(=NO2)C3=CC=C(C=C3)Cl
100005577,CCS(=O)(=O)[C@H]1[C@H](C1(CN)CN)C2=CC3=C(C=C2)OCO3
100005578,CC[C@@H](C)[C@@H](CO)NC(=O)CCC1=NN=C(O1)C2=CC=CC=C2
100005582,CC1=CC=C(C=C1)S[C@H](C)C(=O)NCC2=NC(=NO2)C3=CC(=CC=C3)Br
100005584,COC1=C(C2=C(C=C1)[C@@H](OC2=O)NC3=CC4=C(C=C3)C(=O)OC4)OC
100005591,CC1=CC=C(C=C1)S[C@@H](C)C(=O)N(C)CC2=NC(=NO2)C3=CC=CC=C3
100005593,CC1=CC=C(C=C1)S[C@H](C)C(=O)N(C)CC2=NC(=NO2)C3=CC=CC=C3
100005595,CC1=CC=C(C=C1)S[C@@H](C)C(=O)N(C)CC2=NC(=NO2)C3=CC=CC(=C3)C
100005596,CCS(=O)(=O)[C@@H]1[C@H]([C@@]1(CN)C(=O)O)C2=CC3=C(C=C2)OCO3
100005625,CC1=CC=C(C=C1)S[C@@H](C)C(=O)N(C)CC2=NC(=NO2)C3=CC=CC=C3Cl
100005636,CC1=CC=C(C=C1)S[C@@H](C)C(=O)N(C)CC2=NC(=NO2)C3=CC=CS3
100005645,CC1=CC=C(C=C1)S[C@H](C)C(=O)NCCCC2=CC=C(C=C2)C(C)C
100005647,C1CCC2=C(C1)C=CC(=C2)C(=O)N3CCC[C@@H](C3)C4=NC=NC=C4
100005650,CC1=CC=C(C=C1)S[C@H](C)C(=O)NCCCN2CCCC3=CC=CC=C32
100005651,CCS(=O)(=O)[C@@H]1[C@H]([C@@H]1C2=CC3=C(C=C2)OCO3)CN
100005656,CN1C(=CC=N1)[C@@H](C2=NN3CCN(CC3=C2)CC4=NN=C(S4)OC)O
100005665,CCS(=O)(=O)[C@@H]1[C@H](C1(CO)CO)C2=CC3=C(C=C2)OCO3
100005672,CC1=C(C(=NO1)C)[C@@H]2CCCN2C(=O)C3=CC4=C(C=C3)NC(=O)C(=O)N4
100005717,CC1=C(N=C(N=C1C[C@@H]2CC(=O)N(C2)C3=CC=CC=C3)C)C
100005718,CCS(=O)(=O)[C@H]1[C@H]([C@@]1(COC)C(=O)O)C2=CC3=C(C=C2)OCO3
100005719,CC1=CC=C(C=C1)SCCC(=O)N[C@@H](C)COC2=CC=CC=C2C
100005721,CCS(=O)(=O)[C@@H]1[C@@H]([C@@]1(COC)C(=O)O)C2=CC3=C(C=C2)OCO3
100005726,CN1C=C(C=N1)[C@@H](C2CC(C2)O)NC(=O)CCC3=NC4=CC=CC=C4N3
100005727,CC1=CC=C(C=C1)OC[C@H](C)NC(=O)CCSC2=CC=C(C=C2)C
100005731,CCS(=O)(=O)[C@H]1[C@H]([C@@H]1C(=O)O)C2=CC3=C(C=C2)OCO3
100005732,CC1CCN(CC1)C2=CC=C(C=C2)[C@@H](C)NC(=O)CCSC3=CC=C(C=C3)C
100005734,C[C@@H]1CCCN(C1)C2=CC=C(C=C2)[C@H](C)NC(=O)CCSC3=CC=C(C=C3)C
100005735,CC1=C(SC2=NCCN12)C(=O)N3CCC[C@H](C3)C4=CC=C(C=C4)Cl
100005746,CC1=CC=C(C=C1)SCCC(=O)N[C@H]2CC(OC3=C2C=CC(=C3)C)(C)C
100005771,CC1=CC(=NC(=N1)N2CCC[C@H](C2)C(=O)NC3=NNC(=N3)CC4=CC=C(C=C4)OC)C
100005775,CC1=CC(=NC(=N1)N2CCC[C@@H](C2)C(=O)NC3=NNC(=N3)CC4=CC=C(C=C4)OC)C
100005877,CC1=NC2=C(O1)C=C(C=C2)C(=O)N[C@@H](C3CC(C3)O)C4=CN(N=C4)C
100005878,COC[C@]1([C@@H]([C@@H]1S(=O)(=O)C2=CC=CC=C2)C3=CC4=C(C=C3)OCO4)C#N
100005939,CC1=C(C(=NN1C2=CC=CC=C2)C)CC(=O)N[C@@H]3CC(=O)NC4=CC=CC=C34
100005978,C1OC2=C(O1)C=C(C=C2)[C@H]3[C@@H]([C@@]3(CN)N)S(=O)(=O)C4=CC=CC=C4
100006018,C1OC2=C(O1)C=C(C=C2)[C@@H]3[C@H]([C@H]3S(=O)(=O)C4=CC=CC=C4)CN
100006049,CCOC1=CC=C(C=C1)CCCNC(=O)CC2=CC=CC=C2[N+](=O)[O-]
100006058,C1C(CC1O)[C@H](C2=CC=CC=N2)NC(=O)C3=NC=CC(=C3)CO
100006116,CCN1C(=CC(=N1)C)S(=O)(=O)N[C@@H](C2CC(C2)O)C3=CN=C(C=C3)OC
100006238,CC1=CC2=C(C=C1)OC(C[C@H]2NC(=O)C3=CC=C(C=C3)C4=CC=CC=C4)(C)C
100006256,CC1(C[C@H](C2=C(O1)C=C(C=C2)OC)NC(=O)C3=CC=C(C=C3)C4=CC=CC=C4)C
100006432,C[C@@H](COC1=CC=C(C=C1)OC)NC(=O)CCC2=CC=CC=C2
100006436,CC1=CC=C(C=C1)S(=O)(=O)[C@H]2[C@@H]([C@]2(CO)N)C3=CC4=C(C=C3)OCO4
100006451,COC1=C(C=CC=N1)C(=O)N2CCCN3C(=CC(=N3)[C@H](C4=CC=CC=C4)O)C2
100006468,COC1=NC=C(C=C1)[C@H](C2CC(C2)O)NC3CCOCC3
100006476,CC1=CC=C(C=C1)S(=O)(=O)[C@@H]2[C@H]([C@H]2C(=O)O)C3=CC4=C(C=C3)OCO4
100006503,CCOC[C@]1([C@H]([C@@H]1S(=O)(=O)C2=CC=C(C=C2)C)C3=CC4=C(C=C3)OCO4)N
100006726,CC1=CC=C(C=C1)/C=C/C(=O)N[C@H]2CC(OC3=C2C=CC(=C3)OC)(C)C
100007012,CS(=O)(=O)[C@@H]1[C@H]([C@@H]1C2=CC=C(C=C2)Br)C#N
100007029,C1CN(C[C@@]1(C2=CC=CC=C2)O)C(=O)C3=C(C=CC(=C3)N4C=NN=N4)O
100007187,COC1=CC=C(C=C1)CCCNC(=O)CSCC2=CC=C(C=C2)Br
100007638,CCS(=O)(=O)[C@H]1[C@H]([C@H]1C(=S)N)C2=CC=C(C=C2)Br
100007699,CC1=CC=C(C=C1)SCC2=CC=C(C=C2)C(=O)NC3=CC=C(C=C3)OC4CCN(CC4)C
100008197,CC1=CC=C(C=C1)S(=O)(=O)[C@H]2[C@H]([C@]2(CN)COC)C3=CC=C(C=C3)Br
100008230,CC1=CC=CC=C1N(CC(=O)N(C)CC2=NC(=NO2)C3=CC=CC=C3Cl)S(=O)(=O)C
100008612,C1=CC(=CC=C1[C@@H]2[C@@H]([C@H]2S(=O)(=O)C3=CC=C(C=C3)Cl)CO)Br
100008982,CN(CC1=NC(=NO1)C2=CC=CC=C2)C(=O)CN(C3=CC=C(C=C3)Cl)S(=O)(=O)C
100009034,CC[C@@H](C)[C@@H](CO)NC(=O)C1=C(NN=C1)C2=CC3=C(C=C2)OCCO3
100009354,CS(=O)(=O)N(CC(=O)NCC1=NC(=NO1)C2=CC=CC=C2)C3=CC=CC=C3F
100009433,CCCO[C@H](C)C1=CC(=C(C=C1)C)N
100009904,CO[C@@H]1[C@H](N(C1=O)C2=CC(=CC=C2)F)C(=O)O
100010100,CO[C@H]1[C@@H](N(C1=O)C2=CC=CC=C2F)C=O
100010340,CCN1[C@H](CCC1=O)CCC(=O)OC
100010413,C[C@H](C1=NN=C(O1)C(C)C)NC(=O)C2=CC=CC=C2OC(C(F)F)(F)F
100010547,C[C@H](C(=O)NCC1=NC(=NO1)C2=CC=CS2)N(C3=CC=CC=C3)S(=O)(=O)C
100010631,CCOC1=CC=C(C=C1)N([C@@H](C)C(=O)N2CCC(CC2)CC3=CC=CC=C3)S(=O)(=O)C
100010660,CC1=CC(=O)NC(=O)N1C[C@@H]2CCCO2
100011125,CCN1CCC[C@H]1CNC(=O)C[C@H]2C(=O)N(C(=O)N2)CCC3=CC=CC=C3
100011973,COC1=C(C2=C(C=C1)[C@H](OC2=O)CC(=O)NC3=CC=C(C=C3)N4CCCS4(=O)=O)OC
100012460,CC1=CC=C(C=C1)[C@@H]2[C@H]([C@@]2(CO)C#N)S(=O)(=O)C3=CC=C(C=C3)C
100012536,CCN1CCC[C@H]1CNC(=O)CN2C=CC3=C(C=CC=C32)NS(=O)(=O)C
100012555,CS(=O)(=O)[C@@H]1[C@H]([C@@]1(C#N)C(=O)O)C2=CC(=CC=C2)Cl
100012597,CCS(=O)(=O)[C@H]1[C@H](C1(CO)CO)C2=CC=C(C=C2)C
100012620,COC[C@@]1([C@H]([C@@H]1S(=O)(=O)C)C2=CC(=CC=C2)Cl)C#N
100013314,CCS(=O)(=O)[C@@H]1[C@@H]([C@@]1(COC)C#N)C2=CC(=CC=C2)Cl
100013342,CC1=CC(=NC(=N1)N2CCC[C@H](C2)C(=O)NC3=C(C=CC(=C3)NC(=O)C)OC)C
100014789,CC1=CC(=NC=C1CNC(=O)[C@@]2(CCCO2)C)C
100014888,CCS(=O)(=O)[C@H]1[C@@H](C1(CO)CO)C2=CC=C(C=C2)F
100014917,CC1=CC(=C(C(=O)N1CC(=O)O)[C@H](CC(=O)OC)C2=CC=C(C=C2)OC(F)(F)F)O
100015232,C1=CC(=CC=C1[C@H]2[C@@H]([C@@]2(CO)C#N)S(=O)(=O)C3=CC=C(C=C3)Cl)Cl
100015459,COC1=C(C=C(C=C1)[C@H](CC(=O)N)C2=C(NNC2=O)CC3=CC4=C(C=C3)OCC4)OC
100016124,CS(=O)(=O)[C@@H]1[C@H]([C@@H]1C2=CC(=CC=C2)Cl)C#N
100016230,CCS(=O)(=O)[C@@H]1[C@H]([C@H]1N)C2=CC(=CC=C2)Cl
100016362,CCS(=O)(=O)[C@H]1[C@@H]([C@@H]1C2=CC=C(C=C2)Cl)CO
100016533,C[C@H](C(=O)NC1=CC(=C(C=C1OC)Cl)OC)N(C2=CC(=CC=C2)Cl)S(=O)(=O)C
100016850,C[C@@H](C(=O)NCCSCC1=CC=CO1)N(C2=C(C=CC(=C2)Cl)OC)S(=O)(=O)C
100016886,CCOC(=O)C1CCN(CC1)C(=O)[C@H](C)N(C2=C(C=CC(=C2)Cl)OC)S(=O)(=O)C
100017358,C1CCC(C1)OC2=CC=C(C=C2)NC(=O)C3=CC4=C(O3)C=CC5=CC=CC=C54
100018140,C1C(CC1O)[C@H](C2=CC=CS2)NC(=O)C3=CC(=O)NC4=C3C=CC(=C4)F
100020585,CCOC1=C(C=C(C=C1)CNC(=O)C2=CC(=C(C=C2)NS(=O)(=O)C)C)OCC
100020969,COC1=CC=CC=C1CCCNC(=O)C2=CC=CC=C2SCC3=CC=CC=C3
100021800,CC1CCN(CC1)S(=O)(=O)C2=CC(=C(C=C2)C)C(=O)NCCCC3=CC=C(C=C3)OC
100021945,CC1CCN(CC1)S(=O)(=O)C2=CC(=C(C=C2)Cl)C(=O)N[C@H](C)C3=C(C=CC(=C3)C)C
100022258,CCC1=CC=C(C=C1)[C@@H]2[C@@H]([C@]2(COCC)C(=S)N)S(=O)(=O)C3=CC=C(C=C3)Cl
100022318,CC[C@@H](C1=C(C=C(C=C1)C)C)NC(=O)CCCN(C2=CC3=C(C=C2)OCO3)S(=O)(=O)C
100022502,CC1=CC=C(C=C1)S(=O)(=O)[C@H]2[C@@H]([C@@]2(CN)NC(=O)OC(C)(C)C)C3=CC=C(C=C3)F
100023703,C1C[C@@H](O[C@H]1C2=CC(=CC(=C2)F)F)C(=O)O
100023897,C[C@H](C(=O)N(C)CC1=NC(=NO1)C2=CC(=CC=C2)Br)OC3=CC=C(C=C3)F
100023925,CC1(C[C@@H](C2=CC=CC=C2O1)NC(=O)C3=C4C(=CS3)OCCO4)C
100023926,CC1=CC(=CC(=C1Cl)C)O[C@@H](C)C(=O)N2CCC3=C2C=CC(=C3)S(=O)(=O)N(C)C
100023951,COC1=CC(=CC(=C1OC)OC)C(=O)C2=COC3=C2C=CC(=C3)O
100023954,CC1=CC(=CC(=C1Cl)C)O[C@@H](C)C(=O)NCCCC2=CC=C(C=C2)F
100023957,CC1=C(C(=NN1[C@@H](C)CC(=O)N2CC3=C(C2)N=C(N(C3=O)C)C)C)C(=O)C
100023976,CC1=CC(=CC(=C1Cl)C)O[C@H](C)C(=O)N[C@H](C)COC2=CC=C(C=C2)OC
100023978,CC1=CC(=CC(=C1Cl)C)O[C@H](C)C(=O)N[C@@H](C)COC2=CC=C(C=C2)OC
100023982,COC1=C(C2=C(C=C1)[C@@H]3N(C2=O)CC(=O)N3CC(=O)O)OC
100023993,C1=CC(=CC=C1C(=O)N)N2C(=O)[C@@H](NC2=O)CC(=O)O
100023994,CC1=CC(=CC(=C1Cl)C)O[C@H](C)C(=O)NCCCC2=CC(=CC=C2)OC(C)C
100024087,COC1=CC=CC=C1CCN2C(=O)[C@@H](NC2=O)CCC(=O)O
100024414,CC(C)(C)OC(=O)NCC1=NC=C(C=N1)C(F)(F)F
100024424,CC(C)(C)NC1=NC=C(C=N1)C(F)(F)F
100024450,CN(C)C1=NC(=C(S1)C#C)C(F)(F)F
100024642,CC[C@@H](C1=CC(=C(C=C1)OC)OC)NC(=O)CCCOC2=CC=C(C=C2)Cl
100024706,CC(C)OC1=C(C=C(C=C1)CNC(=O)CCCOC2=CC=C(C=C2)OC)OC
100024748,CC1=CC=C(C=C1)OC[C@H](C)NC(=O)CCCOC2=CC=C(C=C2)OC
100024841,CN(CC1=NC(=NO1)C2=CC(=CC=C2)OC)C(=O)CCCOC3=CC=C(C=C3)OC
100025419,CC[C@H](C(=O)N[C@@H](C)COC1=CC=C(C=C1)C)OC2=CC=C(C=C2)OC
100025959,COC(=O)N1CCCC[C@H]1C(=O)NCC2=NN=C3N2C=CC=C3
100027304,CC(C)N1C2=CC=CC=C2N=C1NNC(=O)C
100027400,CC1=CN=C(C=N1)C(=O)N2CCC[C@@H](C2)C3=NC(=NO3)C4=CC=CC=C4
100027661,CC1=CC(=CC(=C1Br)C)OCC(=O)NCCCC2=CC=CC=C2Cl
100027991,CC1=CC(=NC(=O)N1CC(=O)N[C@@H](C)C2=NC(=NO2)C3=CC=CC=N3)C
100027993,C1CC[C@@H]([C@H](C1)N)NC[C@@H]2CCCO2
100028332,CC1=CN=C(C=N1)C(=O)N[C@H](C2CC(C2)O)C3=CN=C(C=C3)OC
100028486,C1CC[C@H]([C@@H](C1)N)N[C@@H]2CCCC[C@@H]2OCC3=CC=CC=C3
100029089,CN(C)C1=NC(=C2N1C=CC=C2)CO
100030623,CC1=CC(=C(C(=C1)OCC(=O)N2CCN(CC2)C3=CC=CC=C3OC)C)C
100031072,C1=CC=C(C=C1)COC2=CC=CC(=C2)C(=O)NCCCC3=CC=C(C=C3)Cl
100031264,CCCOC1=CC=C(C=C1)C(=O)N[C@H]2CC(OC3=C2C=C(C=C3)OC)(C)C
100031378,CC(C)C1=CC=C(C=C1)CCCNC(=O)C2=CC=C(C=C2)OC(C)C
100031477,CC[C@H](C1=CC(=C(C=C1)OC)OC)NC(=O)C2=CC=CC=C2OCC3=CC=CC=C3
100032169,C[C@H](C(=O)N[C@@H]1CC(OC2=CC=CC=C12)(C)C)OC3=CC4=CC=CC=C4C=C3
100032281,CN1C=C(C=N1)[C@H](C2CC(C2)O)NC(=O)C3=CC=CC=C3SC
100032603,CC(C)CN1C=NC=C1CNC(=O)[C@@H](C2=CC(=CC=C2)Cl)O
100032797,CC1=CC(=C(C=C1)C)O[C@@H](C)C(=O)NCC2=CC(=C(C=C2)OC(C)C)OC
100032800,CC1=CC(=C(C=C1)C)O[C@@H](C)C(=O)N[C@@H](C)C2=CC=C(C=C2)C(C)(C)C
100034312,CC[C@@H](C1CC(C1)O)NC(=O)CCC(F)(F)F
100036339,CC1=CC=CC=C1[C@@H]2CCN(CCS2)C(=O)C3=CC(=NN3)C4=CC=C(C=C4)F
100036523,CC1=CC=C(C=C1)CC(=O)N[C@@H](C)COC2=CC=C(C=C2)C
100036811,CCN(CC1=NC(=NO1)C2=CC=CS2)C(=O)CCC3=CC(=C(C=C3)OC)OC
100037392,CCC1=CC=CC=C1O[C@H](C)C(=O)N[C@H](C)C2=CC(=C(C=C2)C)C
100037720,CC1=CC(=C(C(=C1)O[C@H](C)C(=O)N[C@H]2CC(OC3=C2C=CC(=C3)OC)(C)C)C)C
100038904,CC1=NN=C(O1)CNC(=O)[C@@H]2CCCCN2C(=O)OC
100039042,CN1C(=CC=N1)[C@@H](COC)NC(=O)C2=CC3=C(C=C2)NC(=O)C(=O)N3
100039507,CC[C@H](C1=CC(=C(C=C1)OC)OC)NC(=O)[C@@H](CC)OC2=CC3=CC=CC=C3C=C2
100039524,CC[C@@H](C1=CC=NN1C)NC(=O)C2=CC=C(C=C2)C3=CC=CC=C3OC
100039764,CN(C[C@@H]1CCCCO1)C(=O)C2=C(C=C(C=N2)F)F
100039860,CC[C@@H](C(=O)N[C@@H]1CC(OC2=C1C=CC(=C2)C)(C)C)OC3=CC=CC(=C3C)C
100040159,CC[C@H](C(=O)N[C@H]1CC(OC2=CC=CC=C12)(C)C)SC3=CC=C(C=C3)Cl
100040632,CN(CCCNC(=O)C1CCN(CC1)CC2=CC=C(C=C2)Cl)C3=CC=CC=C3
100040703,CN(CCCNC(=O)C1CCN(CC1)CC2=C(C=CC=C2Cl)Cl)C3=CC=CC=C3
100040973,CC(C)NC(=O)C1=CC=CC=C1NC(=O)CCCN2C(=O)C3=CC=CC=C3S2(=O)=O
100041317,C1CCCN(CC1)CC(=O)N[C@H](CC2=CC=CC=C2)C3CC(C3)O
100041684,CC1=CC=C(C=C1)OC[C@@H](C)NC(=O)CCCN2C3=CC=CC4=C3C(=CC=C4)C2=O
100041693,CC1=CC2=C(C=C1)OC(C[C@H]2NC(=O)CCCN3C4=CC=CC5=C4C(=CC=C5)C3=O)(C)C
100041744,CCN(CC1=NC(=NO1)C2=CC=CS2)C(=O)CCCN3C4=CC=CC5=C4C(=CC=C5)C3=O
100041774,CCOC1=CC=CC=C1C(=O)N2CC[C@@H](SCC2)C3=CC=CS3
100041781,CCC1=CC2=C(C=C1)N(S(=O)(=O)C3=CC=CC=C32)CC(=O)N[C@H](C)C4=C(C=CC(=C4)C)C
100042113,CNC(=O)C[C@H]1C(=O)NCCN1C(=O)C2=C(C=C(C=C2)Cl)O
100042395,C[C@H](C(=O)NCC1=NC(=NO1)C2=CC=CS2)OC3=CC=CC=C3OC
100042615,CCOC1=CC=C(C=C1)CCCNC(=O)[C@H](C)OC2=CC(=C(C=C2)C)C
100042955,CC(C)[C@@H](C1=NC=CN1C)NC2=NC=NC=N2
100044563,CCC1=C(N(N=C1C)CC(=O)N[C@@H]2CC(=O)N(C2)C3=CC=CC=C3OC)C
100044564,CCOC(=O)C1=CC(=C(C=C1)NC(=O)CCCN(C2=CC=CC(=C2)C)S(=O)(=O)C)C
100045469,CC1=C(C=CC=C1Cl)C(=O)NC(C)(C)C#N
100047320,CCOC(=O)C1=CC(=C(C=C1)C)NC(=O)C2=CC(=CC=C2)OCC(=C)C
100047419,CC[C@H](C1=C(C=C(C=C1)C)C)NC(=O)C2=CC(=CC=C2)OCC(=C)C
100047471,CC(C)C1=CC=C(C=C1)NC(=O)C2=CC=CC=C2SCC=C
100047528,CC1(C[C@@](CCO1)(CCNC(=O)C2=CC=CN2)C3=CC=CC=C3)C
100047640,C1CC(=O)N(C1)CCN2CCCN3C(=CC(=N3)[C@H](C4CC4)O)C2
100047725,CCN1C(=NC=N1)[C@H](C)NC(=O)C2=CC=CC(=C2)C(=O)C
100050294,CC1(C[C@@H](C2=CC=CC=C2O1)NC(=O)C3=CC=C(C=C3)CS(=O)(=O)N4CCCCC4)C
100050614,CC1=C(C=NO1)C(=O)N[C@@H](C2CC(C2)O)C3=CN=C(C=C3)OC
100051263,CC1=C(C=CC=C1[N+](=O)[O-])N(CC(=O)NC2=CC3=C(C=C2)OCO3)S(=O)(=O)C
100051577,CS(=O)(=O)N(CC(=O)NCC1=CC=CC=C1Cl)C2=CC=C(C=C2)C(F)(F)F
100051634,CC1=CC(=CC=C1)CCCNC(=O)CN(C2=CC=C(C=C2)C(F)(F)F)S(=O)(=O)C
100052421,CCOC1=CC=CC=C1CNC(=O)CN(C2=C(C=C(C=C2)F)F)S(=O)(=O)C
100054158,CC1=CN=C(C=N1)C(=O)N[C@H](C2CC(C2)O)C3=CC=CC=N3
100054313,C[C@@H](C(=O)NCCCN1CCOCC1)N(C2=CC=CC(=C2)C(F)(F)F)S(=O)(=O)C
100054331,CC1=CC(=C(C=C1)C)[C@@H](C)NC(=O)[C@H](C)N(C2=CC=CC(=C2)C(F)(F)F)S(=O)(=O)C
100054373,C[C@@H](C(=O)N[C@H]1CCCC2=CC=CC=C12)N(C3=CC=CC(=C3)C(F)(F)F)S(=O)(=O)C
100054454,C[C@@H](C(=O)NC1=CC(=CC=C1)OC)N(C2=C(C=CC(=C2)OC)OC)S(=O)(=O)C
100054547,C1CN(C[C@@]1(C2=CC=CC=C2)O)C(=O)CC3=CC(=CC=C3)F
100054688,CC1=CC(=CC=C1)CCCNC(=O)[C@@H](C)N(C2=C(C=CC(=C2)OC)OC)S(=O)(=O)C
100054786,CCC1=CC=CC=C1NC(=O)[C@H](C)N(C2=CC(=C(C=C2)OC)OC)S(=O)(=O)C
100054808,C[C@@H](C(=O)NC1=CC=C(C=C1)OC)N(C2=CC(=C(C=C2)OC)OC)S(=O)(=O)C
100054840,C[C@H](C(=O)NC1=CC=C(C=C1)C(=O)OC)N(C2=CC(=C(C=C2)OC)OC)S(=O)(=O)C
100054949,CC1=CC(=O)C=C(O1)C(=O)N[C@@H](C2CC(C2)O)C3=CC4=CC=CC=C4N=C3
100055331,CC1=CC(=C(C=C1)C)[C@@H](C)NC(=O)[C@@H](C)N(C2=CC(=CC(=C2)Cl)Cl)S(=O)(=O)C
100055466,CCC1=CC=C(C=C1)N([C@@H](C)C(=O)NC2=CC=C(C=C2)Br)S(=O)(=O)C
100055480,CCC1=CC=C(C=C1)N([C@H](C)C(=O)NC2=CC=CC=C2OCC)S(=O)(=O)C
100056338,CCCN1C=NN=C1[C@@H](C)NC(=O)CN2C=NN=N2
100056959,CC1=CC(=C(C=C1)OC)N([C@H](C)C(=O)N[C@@H]2CC(OC3=CC=CC=C23)(C)C)S(=O)(=O)C
100057166,CC1=CC=C(C=C1)CNC(=O)[C@@H](C)N(C2=CC(=C(C=C2)C)Cl)S(=O)(=O)C
100057469,C1COC2=C1C=C(C=C2)[C@@H](C3CC(C3)O)NC(=O)C4=CC=CN4
100057537,CCC1=CC=CC=C1NC(=O)[C@H](C)N(C2=CC(=C(C=C2)Cl)C(F)(F)F)S(=O)(=O)C
100057697,CN(CC1=CC=CC=C1)S(=O)(=O)N[C@H](C2CC(C2)O)C3=CC=CC=N3
100059708,CN1CC[C@H](C1)NC(=O)C2=CN=C(N=C2)SC
100059768,CNC1=C(C=CC=N1)CN2CCN3C(=CC(=N3)[C@H](C4CC4)O)C2
100060146,CC[C@H](C(=O)N[C@H]1CC(OC2=CC=CC=C12)(C)C)N(C3=CC=CC(=C3)C)S(=O)(=O)C
100060164,CC[C@@H](C(=O)N[C@H]1CCCC2=CC=CC=C12)N(C3=CC=CC(=C3)C)S(=O)(=O)C
100060172,CC[C@@H](C(=O)N[C@@H](C)C1=CC=C(C=C1)C)N(C2=CC=CC(=C2)C)S(=O)(=O)C
100060183,CC[C@H](C(=O)N[C@H](C)C1=CC=C(C=C1)F)N(C2=CC=CC(=C2)C)S(=O)(=O)C
100060184,CC[C@@H](C(=O)N[C@@H](C)C1=C(C=C(C=C1)C)C)N(C2=CC=CC(=C2)C)S(=O)(=O)C
100060198,C1CCN([C@@H](C1)C(=O)NCCN2CCNC2=O)CC3=CC=CC=C3
100060490,CC[C@@H](C(=O)NC1=CC=C(C=C1)CC#N)N(C2=C(C=CC(=C2)C)C)S(=O)(=O)C
100060496,CC[C@@H](C(=O)N1CCN(CC1)CC2=CC=CC=C2)N(C3=C(C=CC(=C3)C)C)S(=O)(=O)C
100060612,CC(C)(C)N1C=CC(=C1)C(=O)N2CCC[C@@H](C2)C3=CC=CC=C3
100060613,CC[C@@H](C(=O)NC1=CC(=CC=C1)OCC=C)N(C2=C(C=CC(=C2)C)C)S(=O)(=O)C
100060668,CC[C@@H](C(=O)N[C@H](C)COC1=CC=C(C=C1)OC)N(C2=C(C=CC(=C2)C)C)S(=O)(=O)C
100060695,CC[C@H](C(=O)NCC1=CC=CC(=C1)C)N(C2=C(C=CC(=C2)C)C)S(=O)(=O)C
100060706,C1CCO[C@@H](C1)COCC(=O)NCC2=NC(=CS2)C3=CC=C(C=C3)F
100060714,CC[C@H](C(=O)NCC1=CC(=CC=C1)OCC)N(C2=C(C=CC(=C2)C)C)S(=O)(=O)C
100060726,CC(=O)N1CCO[C@@H](C1)CNC(=O)C2=C(C=CC(=C2)F)OC
100060751,CC[C@H](C1=CC=C(C=C1)C)NC(=O)[C@@H](CC)N(C2=C(C=CC(=C2)C)C)S(=O)(=O)C
100060752,C1CC1[C@H](C2=NN3CCN(CC3=C2)C(=O)C4=CC=C(C=C4)S(=O)(=O)N)O
100060754,CC[C@H](C1=CC=C(C=C1)C)NC(=O)[C@H](CC)N(C2=C(C=CC(=C2)C)C)S(=O)(=O)C
100060787,CC[C@H](C(=O)N[C@@H](C)C1=CC(=C(C=C1)C)C)N(C2=C(C=CC(=C2)C)C)S(=O)(=O)C
100060795,CC[C@@H](C1=CC(=C(C=C1)C)C)NC(=O)[C@H](CC)N(C2=C(C=CC(=C2)C)C)S(=O)(=O)C
100060814,CC[C@@H](C(=O)N[C@@H](C)C1=CC=CC=C1)N(C2=CC(=CC(=C2)C)C)S(=O)(=O)C
100060830,C1CN(C[C@@H]1NC2=NC=NC=N2)CC3=CC=CC=C3
100060834,CN1C(=O)C2(CCN(CC2)C(=O)[C@@H]3CCC4=CC=CC=C4O3)N(C1=O)C
100060843,CCC1=CC=CC=C1NC(=O)[C@H](CC)N(C2=CC(=CC(=C2)C)C)S(=O)(=O)C
100060852,CC[C@@H](C(=O)NC1=CC=C(C=C1)Cl)N(C2=CC(=CC(=C2)C)C)S(=O)(=O)C
100060853,CC[C@H](C(=O)NC1=CC=C(C=C1)Cl)N(C2=CC(=CC(=C2)C)C)S(=O)(=O)C
100060860,CC[C@@H](C(=O)NC1=CC=CC2=CC=CC=C21)N(C3=CC(=CC(=C3)C)C)S(=O)(=O)C
100060864,CC[C@@H](C(=O)NC1=CC(=CC=C1)OC)N(C2=CC(=CC(=C2)C)C)S(=O)(=O)C
100060867,CC[C@H](C(=O)NC1=CC=C(C=C1)OC)N(C2=CC(=CC(=C2)C)C)S(=O)(=O)C
100060871,CC[C@@H](C(=O)NC1=CC=CC=C1OCC)N(C2=CC(=CC(=C2)C)C)S(=O)(=O)C
100060877,CC1=CC(=C(C=C1)C(=O)NCC[C@@H]2CCOC2)F
100060878,CC[C@@H](C(=O)NC1=CC=C(C=C1)C(=O)OCC)N(C2=CC(=CC(=C2)C)C)S(=O)(=O)C
100060936,CN1C=C(C=N1)[C@H](C2CC(C2)O)NC(=O)CCN3C4=CC=CC=C4N=N3
100060953,CC[C@H](C(=O)NCC1=C(C=C(C=C1)Cl)Cl)N(C2=CC(=CC(=C2)C)C)S(=O)(=O)C
100061475,CN(C)[C@H](C1=CC(=CC=C1)F)C(=O)NC2(CCCCC2)CC(=O)O
100061799,CC[C@@H](C(=O)NC1=C(C=CC(=C1)C)C)N(C2=CC(=CC=C2)OC)S(=O)(=O)C
100062305,C1C(CC1O)[C@@H](CC2=CC=NC=C2)NC(=O)NCC3=CC(=CC=C3)F
100062358,C1CN(CCC1N[C@H](C2CC(C2)O)C3=CC=CS3)C(=O)C4=NC=CN=C4
100062816,CC[C@H](C(=O)NC1=CC=CC=C1OCC)N(C2=CC=C(C=C2)OCC)S(=O)(=O)C
100062819,CC[C@@H](C(=O)NC1=CC=C(C=C1)OCC)N(C2=CC=C(C=C2)OCC)S(=O)(=O)C
100062924,CC[C@@H](C(=O)NCCSCC1=CC=CO1)N(C2=CC=C(C=C2)OCC)S(=O)(=O)C
100062956,CC[C@@H](C(=O)NC1=CC=CC=C1C(C)C)N(C2=CC=C(C=C2)OCC)S(=O)(=O)C
100062959,CCC1=CC=CC(=C1NC(=O)[C@H](CC)N(C2=CC=C(C=C2)OCC)S(=O)(=O)C)C
100062965,CC[C@H](C(=O)NCC1=CC=CC=C1Cl)N(C2=CC=C(C=C2)OCC)S(=O)(=O)C
100063001,CN1C=C(C(=O)NC1=O)C(=O)N2CCC[C@@H]2C3=NC4=CC=CC=C4N3C
100064147,C1C[C@@H](CN(C1)C(=O)CN2C=NC3=CC=CC=C32)CC4=NC(=NO4)C5CC5
100064778,COC1=CC=CC(=C1OC)[C@@H]2CCN(C2)C(=O)C3=CN=CN3
100064929,C1C[C@@H](CN(C1)C(=O)C2=NN3CCCOC3=C2)CC4=NC(=NO4)C5CC5
100064987,CC(C)O[C@H](CC1=CC(=CC=C1)Cl)C(=O)O
100065014,CC1=CC=CC=C1C2=NOC(=N2)C[C@@H]3CCCN(C3)C(=O)CN4C=NC(=C(C4=O)C)C
100065157,CC1=CN=C(C=N1)C(=O)N2CCC[C@H](C2)CC3=NC(=NO3)C4=NC=CN=C4
100065281,C1C[C@@H](CN(C1)C(=O)CN2CCOC2=O)CC3=NC(=NO3)C4=CSC=C4
100065370,COC(=O)[C@H]1[C@@H](C(=C(NC1=O)SCCC2=CC=CC=C2)C#N)C3=CC=C(C=C3)Cl
100065840,C1CN2C(=CC(=N2)[C@@H](CO)O)CN1CC3=CC=C(C=C3)C#N
100065856,CC1=NC(=NN1)[C@@H]2CCCN2C(=O)C3=CN(C=C3)C(C)(C)C
100065863,CN1C(=NN=C1[C@H]2CCCN(C2)C(=O)CCC(=O)NC3=CC=CC=C3)CO
100065866,COCCN1C[C@@H](CC1=O)CNC(=O)C2=NC=CN=C2
100065999,CC1=CC(=C(N1C)C)C(=O)NC[C@H](C2=CC=CC=N2)N3CCOCC3
100071273,C[C@H]1CN(CCO1)S(=O)(=O)N[C@H](C)C2=NOC(=N2)C
100071360,C[C@H](CNC(=O)N[C@@H]1CC[C@H](C1)N(C)C)C2=CC=CS2
100071362,C[C@H](CNC(=O)N[C@H]1CC[C@H](C1)N(C)C)C2=CC=CS2
100072466,CN1C=CC(=C1)[C@@H](C(F)(F)F)NC(=O)[C@@H]2CCC[C@H]2C(=O)OC
100073303,C[C@H](C(=O)NC1=NC=CC=N1)N2CCS[C@H](C2)C3=CC=CC=C3
100077993,C[C@@H]1CCCN(C1)C[C@H](C)NS(=O)(=O)C2=CC=CC3=C2N=CC(=C3)C
100078032,C[C@]12CC[C@@H](C1(C)C)C[C@@H]2NS(=O)(=O)CC3(COC3)C
100082146,COC1=C(C=CC(=C1)/C(=C\C2=CC(=C(C=C2)F)F)/C#N)[N+](=O)[O-]
100082148,CC1([C@H]2CC[C@@]1(C(=O)C2)CS(=O)(=O)N[C@H](C3=CC(=CC=C3)OC)C4=NC=CN4C)C
100083030,C1C[C@@H]2[C@@H]3CN(C[C@H]3[C@@H]1O2)C(=O)C4=CC=C(C=C4)C5=NOC(=N5)C(F)(F)F
100083513,C[C@H](CC(C)C)N1CCC[C@H](C1)C2=CC=NN2
100083606,CNC(=O)/C(=C\C1=C(C=CC(=C1)Cl)OC(F)F)/C#N
100091488,CS(=O)(=O)N(CCCC(=O)NCC1=CC2=C(C=C1)OCO2)C3=CC(=CC=C3)[N+](=O)[O-]
100093860,CCOC(=O)C1=CC=C(C=C1)NC(=O)C2CCC(CC2)N3C(=O)[C@H]4[C@@H]5C=C[C@@H]([C@H]4C3=O)[C@@H]6[C@H]5C6
100096312,C[C@@]1([C@@H]2[C@H]([C@H](N1)C3=CC=CC=C3F)C(=O)N(C2=O)C)C(=O)OC
100102258,CC1=C(C(=CC=C1)C)N(CC(=O)N(CC2=CC=CC=C2Cl)[C@@H](C)C(=O)NC)S(=O)(=O)C
100102399,CC1=C(SC=N1)C(=O)N[C@@H](CC2=CC=NC=C2)C3CC(C3)O
100104741,CCOC(=O)C1CCN(CC1)C(=O)C2=CC(=CC=C2)N(C)S(=O)(=O)C3=CC=CC=C3
100104758,CC[C@H](C(=O)NC(C)C)N(CC1=CC=CC=C1Cl)C(=O)CN(C2=CC(=C(C=C2Cl)Cl)Cl)S(=O)(=O)C
100104778,CC[C@H](C(=O)NC(C)C)N(CC1=CC=CC=C1Cl)C(=O)CN(C2=CC(=C(C=C2)F)Cl)S(=O)(=O)C
100104799,COC1=CC=CC(=C1)CN([C@@H](CC2=CC=CC=C2)C(=O)NC3CCCCC3)C(=O)CN(C4=CC=CC=C4F)S(=O)(=O)C
100104849,CNC(=O)[C@@H](CC1=CC=CC=C1)N(CC2=CC=CC=C2F)C(=O)CCCN(C3=CC=C(C=C3)Cl)S(=O)(=O)C
100104865,CCOC1=CC=CC=C1N(CC(=O)N(CC2=CC=CC(=C2)C)[C@@H](CC3=CC=CC=C3)C(=O)NCC(C)C)S(=O)(=O)C4=CC=C(C=C4)SC
100105145,CNC(=O)[C@H](CC1=CC=CC=C1)N(CC2=CC=CC=C2F)C(=O)CCCN(C3=CC=CC(=C3)C(F)(F)F)S(=O)(=O)C
100107694,CC1=CC(=C(C=C1)N(CC(=O)N(CC2=CC=C(C=C2)Cl)[C@H](C)C(=O)NC)S(=O)(=O)C)C
100107969,CN1CCN(CC1)CC[C@@H]2CCCCN2C(=O)C3=CC=CNC3=O
100107994,CC1=CC=C(C=C1)S(=O)(=O)N(CC(=O)N(CC2=CC=C(C=C2)F)[C@@H](CC3=CC=CC=C3)C(=O)NC)C4=CC(=C(C=C4)C)C
100110634,CC1=C(C=C(C=C1)C(=O)NC2=CC=CC=C2OC3=CC=CC=C3)N4CCCCS4(=O)=O
100110635,C[C@H]1CN2[C@H]([C@H](N=C2S1)C3=CC=CC=N3)C4=CC(=C(C(=C4)OC)O)[N+](=O)[O-]
100114709,CC(C)CNC(=O)[C@@H](CC1=CC=CC=C1)N(CC2=CC=CC=C2Cl)C(=O)CN(C3=CC(=CC=C3)[N+](=O)[O-])S(=O)(=O)C4=CC=CC=C4
100115237,C[C@H]1CN2[C@H]([C@@H](N=C2S1)C3=CC=CC=N3)C4=C(N(C(=C4)C)C5CC5)C
100115355,CC1=C(C(=CC=C1)N2CCN(CC2)C(=O)C3=CN=C(N=C3)C4CC4)C
100119182,COC(=O)C1=CN(C2=CC=CC=C21)C(=O)C3CCN(CC3)CC4=CC=C(C=C4)Cl
100119212,C1CCC(C1)[C@H](CNC(=O)CC2=CC=CC=N2)C3=CC=CC=C3
100119607,CC1=CC=C(C=C1)SCC(=O)N(CC2=CC=CC=C2)[C@H](C)C(=O)NC(C)(C)C
100119828,COC(=O)C1=CN(C2=CC=CC=C21)C(=O)C3=CC=C(C=C3)CN4CCCCCC4
100119830,C[C@H](COC1=CC=C(C=C1)OC)NC(=O)NC2=CC(=CC=C2)Cl
100121396,CC(C)CNC(=O)[C@@H](CC1=CC=CC=C1)N(CC2=CC(=CC=C2)Cl)C(=O)CN(C3=C(C(=CC=C3)Cl)Cl)S(=O)(=O)C4=CC=CC=C4
100121749,C[C@H](C1=CC=CC=C1)NS(=O)(=O)C2=CC=C(C=C2)OCC(=O)N(C)CC3=CC(=C(C(=C3)OC)OC)OC
100121892,CC[C@@H]1CSC2=N[C@H]([C@H](N12)C3=CC=C(C=C3)F)C4=CC=CC=N4
100122197,C[C@@H](C(=O)NC)N(CC1=C(C=C(C=C1)Cl)Cl)C(=O)CN(C2=C(C=CC(=C2)C(F)(F)F)Cl)S(=O)(=O)C3=CC=CC=C3
100122316,CCOC1=C(C=CC=N1)C(=O)N[C@H](CC2=CC=CC=N2)C3CC(C3)O
100123015,C[C@@H](C(=O)NC)N(CC1=C(C=C(C=C1)Cl)Cl)C(=O)CN(C2=CC=CC=C2)S(=O)(=O)C
100123597,CC1=C(C=CC(=C1)S(=O)(=O)N2C=C(C3=CC=CC=C32)C(=O)OC)F
100123606,CC[C@H]1CSC2=N[C@H]([C@H](N12)C3=CC(=C(C(=C3)OC)O)[N+](=O)[O-])C4=CC=CC=N4
100123610,CCOC1=CC=C(C=C1)S(=O)(=O)N(CC(=O)N(CC2=CC=CC=C2)[C@@H](C)C(=O)NC(C)(C)C)C3=CC=C(C=C3)F
100123611,CCOC1=CC=C(C=C1)N(CC(=O)N(CC2=CC(=CC=C2)Cl)[C@@H](CC3=CC=CC=C3)C(=O)NCC(C)C)S(=O)(=O)C4=CC=C(C=C4)F
100123619,COC1=C(C=C(C=C1)NC(=O)CCCN(C2=CC=CC=C2F)S(=O)(=O)C)Cl
100123620,CC[C@@H](C(=O)NC(C)C)N(CC1=CC=C(C=C1)F)C(=O)COC2=CC=CC=C2C(C)(C)C
100123631,CCC1=CC(=C(C=C1)CC)CNC(=O)C2=C(C=C(C=C2)Cl)F
100123634,CC1=CC2=C(C=C1)OC(C[C@H]2NC(=O)CCC3=CC4=C(C=C3)OCO4)(C)C
100123809,C[C@@H](C(=O)NC)N(CC1=C(C=C(C=C1)Cl)Cl)C(=O)CN(C2=CC=CC=C2Br)S(=O)(=O)C
100124087,C[C@@H](C1=CC2=C(C=C1)OCCO2)NC(=O)C3=CC=C(C=C3)CN4CCC5=CC=CC=C5C4
100125889,CC(C)CNC(=O)[C@@H](CC1=CC=CC=C1)N(CC2=CC(=CC=C2)Cl)C(=O)CCCN(C3=CC4=C(C=C3)OCCO4)S(=O)(=O)C
100127909,CC[C@H]1CSC2=N[C@H]([C@H](N12)C3=CC(=C(C=C3)N4CCCC4)OC)C5=CC=CC=N5
100128549,CCC1=CC=CC=C1N(CC(=O)N(CC2=CC=CC=C2C)[C@@H](C)C(=O)NC(C)(C)C)S(=O)(=O)C3=CC=C(C=C3)C
100129228,CC1=CC=C(C=C1)N(CC(=O)N(CC2=CC(=C(C=C2)Cl)Cl)[C@@H](C)C(=O)NC)S(=O)(=O)C3=CC=CC=C3
100129806,CC(C)CNC(=O)[C@@H](CC1=CC=CC=C1)N(CC2=CC=C(C=C2)Cl)C(=O)CN(C3=CC=C(C=C3)I)S(=O)(=O)C4=CC=CC=C4
100130564,CC(C)CNC(=O)[C@@H](CC1=CC=CC=C1)N(CC2=CC=C(C=C2)Cl)C(=O)CN(C3=CC=C(C=C3)C(C)(C)C)S(=O)(=O)C
100130881,CC[C@@H]1CSC2=N[C@H]([C@H](N12)C3=C(N(C(=C3)C)C4=CC=C(C=C4)Br)C)C5=CC=CC=N5
100131535,CC1=C(C=CC=C1Cl)N(CC(=O)N(CC2=CC(=C(C=C2)Cl)Cl)[C@@H](C)C(=O)NC)S(=O)(=O)C
100132804,CC1=CC=C(C=C1)CNC(=O)[C@H](C)N(CC2=CC=CC=C2)C(=O)COC3=CC=C(C=C3)S(=O)(=O)NC4=CC=C(C=C4)F
100132971,CC1=CC=CC=C1N(CC(=O)N(CC2=CC(=C(C=C2)Cl)Cl)[C@H](C)C(=O)NC)S(=O)(=O)C3=CC=C(C=C3)Cl
100132999,C1CCN(C1)C(=O)CC2=CC=C(C=C2)NC(=O)COC3=CC=C(C=C3)S(=O)(=O)N4CCOCC4
100134018,C[C@H](C(=O)NC)N(CC1=CC(=C(C=C1)Cl)Cl)C(=O)COC2=CC=C(C=C2)C(C)C
100134019,CC[C@@H](C)NC(=O)C1=CC=CC=C1NC(=O)CSCC2=C(C=C(C=C2)Cl)Cl
100134780,CN1[C@H]([C@@H](NC1=S)C2=CC=CC=N2)C3=CC=CN3
100135113,C[C@@H](C(=O)NC)N(CC1=CC(=C(C=C1)Cl)Cl)C(=O)CCC2=CC=CC3=CC=CC=C32
100145068,CC1=CC=C(C=C1)CSCC(=O)N(CC2=CC(=CC=C2)Br)[C@H](CC3=CC=CC=C3)C(=O)NCC(C)C
100147740,CC1=CC=C(C=C1)[C@@H](C)NC(=O)COC2=CC=CC=C2C(C)C
100147912,C[C@H](C(=O)NCC1=CC=CC=C1)N(CC2=CC=C(C=C2)Cl)C(=O)CCC3=CC=C(C=C3)S(=O)(=O)NC4CC4
100148121,CC(C)CNC(=O)[C@H](CC1=CC=CC=C1)N(CC2=CC(=CC=C2)Br)C(=O)CN(C3=CC=CC=C3)S(=O)(=O)C4=CC=C(C=C4)F
100148127,C[C@@H](C(=O)NC[C@@H]1CCCO1)N(CC2=CC=C(C=C2)Cl)C(=O)CCC3=CC=C(C=C3)S(=O)(=O)NC4CC4
100148191,C[C@H](C(=O)NC)N(CC1=CC(=CC=C1)OC)C(=O)CCSCC2=CC=CC=C2
100148192,C[C@@H](C(=O)NC(C)(C)C)N(CC1=CC=CC=C1Cl)C(=O)CN(C2=C(C=CC(=C2)Cl)Cl)S(=O)(=O)C3=CC=CC=C3
100148211,C1C[C@@H](CN(C1)S(=O)(=O)CC2=CC=C(C=C2)Cl)C(=O)NCC3=CC4=CC=CC=C4C=C3
100150310,C[C@@H](C(=O)NC(C)(C)C)N(CC1=CC=C(C=C1)Cl)C(=O)CSCC2=C(C=CC=C2Cl)F
100150311,CC1=CC(=C(N1C2=CC=CC=C2C(F)(F)F)C)[C@@H]3[C@H](NC(=S)N3C(C)C)C4=CC=CC=N4
100150610,CC[C@H](C(=O)NC(C)C)N(CC1=CC(=CC=C1)OC)C(=O)CN(C2=CC=CC=C2)S(=O)(=O)C3=CC=C(C=C3)F
100151075,CC1=CC=CC=C1CS(=O)(=O)N2CCC(CC2)C(=O)N[C@@H](C)C3=C(C=CC(=C3)OC)OC
100151171,CC[C@H](C(=O)NC(C)C)N(CC1=CC(=CC=C1)OC)C(=O)COC2=CC(=C(C=C2)C)C
100152945,CC(C)N1[C@H]([C@@H](NC1=S)C2=CC=CC=N2)C3=CC=CN3C4=NC=C(C=C4)Cl
100153941,CC[C@H](C(=O)NC(C)C)N(CC1=CC=C(C=C1)OC)C(=O)CSC2=CC=C(C=C2)Cl
100153994,CC(C)N1[C@@H]([C@H](NC1=S)C2=CC=CC=N2)C3=CC=C(O3)C4=C(C=C(C=C4)[N+](=O)[O-])OC
100154058,CC1=CC=C(C=C1)S(=O)(=O)N(CC(=O)N(CC2=CC(=CC=C2)OC)[C@@H](CC3=CC=CC=C3)C(=O)NC)C4=CC(=C(C=C4)OC)Cl
100154256,CC[C@@H](C(=O)NC(C)C)N(CC1=CC=C(C=C1)OC)C(=O)CCC2=CC=CC=C2
100156326,CCOC1=CC=CC=C1N(CCCC(=O)N(CC2=CC=C(C=C2)OC)[C@@H](C)C(=O)NC)S(=O)(=O)C
100156418,CC1=CC(=CC=C1)CSCC(=O)N(CC2=CC=C(C=C2)Br)[C@H](CC3=CC=CC=C3)C(=O)NCC(C)C
100157429,CCCN1[C@H]([C@@H](NC1=S)C2=CC=CC=N2)C3=C(N(C(=C3)C)C4=CC=CC=C4Cl)C
100157688,CCCN1[C@@H]([C@@H](NC1=S)C2=CC=CC=N2)C3=C(N(C(=C3)C)C4=CC=CC=C4O)C
100157920,CC(C)CNC(=O)[C@H](CC1=CC=CC=C1)N(CC2=C(C=C(C=C2)Cl)Cl)C(=O)CN(C3=C(C=CC(=C3)Cl)OC)S(=O)(=O)C4=CC=CC=C4
100157921,CC1=CC(=CC(=C1)O[C@@H](C)C(=O)NCC2=CC=CC3=CC=CC=C32)C
100158781,CC[C@H](C(=O)NC(C)C)N(CC1=CC=C(C=C1)OC)C(=O)CCCN(C2=C(C=CC(=C2)C)C)S(=O)(=O)C
100158786,CC1=CC=C(C=C1)S(=O)(=O)N(CC(=O)N(CCC2=CC=CC=C2)[C@@H](C)C(=O)NC)C3=CC(=C(C=C3)C)C
100159247,CCCCCNC(=O)[C@H](C)N(CC1=CC=C(C=C1)F)C(=O)CC2=CC(=C(C=C2)OC)OC
100160036,C1CN(C2=C1C=CC(=C2)NC(=O)CCC3=CC=C(C=C3)S(=O)(=O)N4CCOCC4)S(=O)(=O)C5=CC=C(C=C5)Cl
100160051,CCCN1[C@@H]([C@@H](NC1=S)C2=CC=CC=N2)C3=CC=C(O3)C4=CC=C(C=C4)F
100160352,CCC1=CC=C(C=C1)O[C@H](CC)C(=O)N2CCN(CC2)S(=O)(=O)C3=CC=C(C=C3)C
100163296,C1C[C@@H](CN(C1)C(=O)CCC2=CC(=CC=C2)F)C#N
100166548,CC1=CC=C(C=C1)S(=O)(=O)N(CC(=O)N(CC2=C(C=C(C=C2)Cl)Cl)[C@@H](C)C(=O)NC(C)(C)C)C3=C(C(=CC=C3)Cl)Cl
100168625,C[C@@H](C(=O)NC(C)(C)C)N(CC1=CC(=C(C=C1)Cl)Cl)C(=O)CN(C2=CC=CC=C2)S(=O)(=O)C3=CC=CC=C3
100168924,CC(C)CNC(=O)[C@H](CC1=CC=CC=C1)N(CC2=CC(=C(C=C2)Cl)Cl)C(=O)CC3=C(C=CC=C3Cl)Cl
100170361,CC[C@@H](C(=O)NC)N(CC1=CC=CC=C1)C(=O)CN(C)S(=O)(=O)C2=CC3=CC=CC=C3C=C2
100171558,CC[C@@H](C(=O)NC1=C(C=CC(=C1)C(=O)OCC)C)OC2=C(C=C(C=C2)C)C
100176870,CCCCNC(=O)[C@H](C)N(CC1=CC=CC=C1C)C(=O)CC2=CC=CC=C2[N+](=O)[O-]
100179344,CCNC(=O)C1=CC(=C(C=C1)OC)S(=O)(=O)N(C)CC2=CC=CC=C2F
100185457,CC1=CC(=C(N1C2=CC=CC=C2O)C)[C@H]3[C@@H](NC(=S)N3CCCOC)C4=CC=CC=N4
100192155,CCCCNC(=O)[C@@H](C)N(CC1=CC=C(C=C1)C)C(=O)CSCC2=C(C=CC=C2Cl)Cl
100193962,COC1=C(C=C(C=C1)CC(=O)N(CC2=CC=C(C=C2)Cl)[C@H](CC3=CC=CC=C3)C(=O)NCC4=CC=NC=C4)OC
100197281,CC1=CC(=C(N1C2=CC=CC(=C2)C(F)(F)F)C)[C@@H]3[C@@H](NC(=S)N3CCN4CCOCC4)C5=CC=CC=N5
100197712,CC1=CC(=CC=C1)OCC(=O)N(CCC2=CC=CC=C2)[C@@H](C)C(=O)NC(C)(C)C
100206527,CC1=CC=C(C=C1)S(=O)(=O)N[C@@H](C)C2=CC3=C(CCC3)C=C2
100208898,CC1=CC(=C(C=C1)C(C)C)O[C@@H](C)C(=O)NCCCC2=CC(=CC=C2)OC
100208902,CC[C@H](C)NC(=O)[C@H](C)N(CC1=CC(=CC=C1)Br)C(=O)COC2=CC=CC(=C2C)C
100208908,CC[C@H](C(=O)NC(C)(C)C)N(CC1=CC=CC=C1C)C(=O)CN(C2=C(C=CC=C2C)C)S(=O)(=O)C
100208920,CC[C@H](C(=O)NC)N(CC1=CC=C(C=C1)F)C(=O)CCSC2=CC=CC=C2
100213023,CCC[C@H](C(=O)NN)N1C2=CC=CC=C2[C@H](CC1(C)C)C
100213039,CCN1C(=CC(=C1C)[C@H]2[C@H](NC(=S)N2CCCN(C)C)C3=CC=CC=N3)C
100213046,COC1=CC=C(C=C1)CN([C@H](CC2=CC=CC=C2)C(=O)NCCCO)C(=O)COC3=CC=C(C=C3)S(=O)(=O)N4CCOCC4
100214339,CC[C@@H](C1=CC(=C(C=C1)OC)C)NC(=O)[C@H](C)OC2=CC=CC=C2C
100216209,CC[C@H](C(=O)NC)N(CC1=CC=C(C=C1)F)C(=O)CC2=C(C=CC=C2Cl)F
100216210,CC[C@@H](C)NC(=O)[C@H](C)N(CC1=CC=C(C=C1)Br)C(=O)COC2=C(C3=CC=CC=C3C=C2)Br
100216235,CC[C@H](C(=O)NC)N(CC1=CC=C(C=C1)F)C(=O)CC2=C(C=CC=C2Cl)Cl
100216237,CC[C@@H](C)NC(=O)[C@@H](C)N(CC1=CC=C(C=C1)Br)C(=O)COC2=CC=CC3=CC=CC=C32
100216239,CC(=O)NC1=NN=C(S1)S(=O)(=O)N[C@H]2C[C@@H]3CC[C@@H]2C3
100216258,CC(=O)NC1=NN=C(S1)S(=O)(=O)N[C@H]2C[C@H]3CC[C@@H]2C3
100216326,CC1=CC=C(C=C1)OC[C@H](C)NS(=O)(=O)C2=CC(=C(C=C2)Cl)C(=O)OC
100216416,COC1=CC=C(C=C1)CN([C@H](CC2=CC=CC=C2)C(=O)NCC3=CC4=C(C=C3)OCO4)C(=O)CCC5=CC=C(C=C5)S(=O)(=O)N6CCCC6
100219024,C[C@H]1CC2=CC=CC=C2N1S(=O)(=O)C3=CC=C(C=C3)O[C@@H](C)C(=O)NC4CCCCC4
100219078,CN(CCNS(=O)(=O)C1=CC(=C(C=C1)Cl)C(=O)OC)C2=CC=CC=C2
100219084,CC[C@H](C)NC(=O)[C@H](C)N(CC1=CC=C(C=C1)Br)C(=O)CC2=CC=CC=C2Cl
100219090,COC1=CC=CC=C1NS(=O)(=O)C2=NN=C(S2)NC(=O)C3=CC=CC=C3Cl
100222786,CC1=CC=C(C=C1)N2C=CC=C2[C@H]3[C@@H](NC(=S)N3CCN(C)C)C4=CC=CC=N4
100315411,CCCCNC(=O)[C@H](CC)N(CC1=CC=C(C=C1)F)C(=O)CCCOC2=CC=CC=C2
100358641,CCC(CC)NC(=O)C1=C(C=CC(=C1)NS(=O)(=O)C2=CC=C(C=C2)OC)Cl
100441332,CC[C@@H](C(=O)NCC)N(CC1=CC=C(C=C1)OC)C(=O)CN2C(=O)C3=CC=CC=C3S2(=O)=O
100441382,C1COCCN1CC2=CC=C(C=C2)CNC(=O)C3=C(C=CC(=C3)Cl)OCC4=CC=CC=C4
100443379,CC[C@H](C(=O)NC1CCCC1)N(CC2=CC=C(C=C2)OC)C(=O)CN(C3=CC4=C(C=C3)OCO4)S(=O)(=O)C
100444006,CC1=CC(=CC=C1)C(=O)NC2=NN=C(S2)S(=O)(=O)N[C@H](C)C3=CC=C(C=C3)F
100444013,C1=CC=C(C(=C1)N2[C@@H]([C@@H](NC2=S)C3=CC=CC=N3)C4=CC=CN4)O
100444033,C1CCN(C1)CC2=CC=CC(=C2)CNC(=O)/C(=C/C3=CC(=CC=C3)[N+](=O)[O-])/C4=CC=CC=C4
100449193,CC1=CC=C(C=C1)S(=O)(=O)N(CC(=O)N(CC2=CC(=CC=C2)Cl)[C@@H](C)C(=O)NC(C)C)C3=CC=C(C=C3)C(C)C
100455658,COC1=CC=C(C=C1)S(=O)(=O)N(CC(=O)NCC2=CC(=CC=C2)CN3CCCCC3)C4=CC=C(C=C4)Cl
100477468,CCCNC(=O)[C@@H](C)N(CC1=CC=CC=C1Cl)C(=O)CSCC2=CC(=CC=C2)Cl
100483407,CS(=O)(=O)N(CC1=CC=C(C=C1)C(=O)NCCOC2=CC=C(C=C2)F)C3=CC(=C(C=C3)F)Cl
100489129,CC1=CC(=C(N1C2=C(C=C(C=C2)Cl)Cl)C)[C@H]3[C@H](NC(=S)N3C4=C(C=CC(=C4)OC)OC)C5=CC=CC=N5
100517045,CC1=C(C(=CC=C1)N(CCCC(=O)N(CC2=CC=C(C=C2)F)[C@@H](CC3=CC=CC=C3)C(=O)NC(C)C)S(=O)(=O)C)C
100644241,CS(=O)(=O)N(CC(=O)N(CC1=C(C=C(C=C1)Cl)Cl)[C@@H](CC2=CC=CC=C2)C(=O)NC3CCCCC3)C4=CC(=CC=C4)Br
100656628,CNC(=O)[C@H](CC1=CC=CC=C1)N(CC2=CC=CC=C2)C(=O)CN(C3=CC(=CC=C3)OC)S(=O)(=O)C4=CC=CC=C4
100656892,CCCCNC(=O)[C@@H](CC1=CC=CC=C1)N(CC2=CC=C(C=C2)F)C(=O)CN(C3=C(C=CC(=C3)C(F)(F)F)Cl)S(=O)(=O)C
100657298,COC1=C(C=C(C=C1)Cl)NS(=O)(=O)C2=CC=CC(=C2)C(=O)NN
100667490,CN(CC[C@H]1CCCO1)CC(=O)NC2=CC=CC=C2Br
101349907,C1=CC=C2C(=C1)C(C3=CC=CC=C32)COC(=O)N[C@@H](C4=CC=C(C=C4)OP(=O)(O)O)C(=O)O
102723601,C1=CC(=NC(=C1[N+](=O)[O-])N)OC(C(F)(F)F)C(F)(F)F
102761171,CNC1=NC(=C(C=C1Cl)Cl)OC2=C(C(=CC=C2)Cl)F
103006171,CN1C(=CC=N1)CCC(C2=CC(=C(C(=C2)F)F)F)O
103010818,C[C@@H](C1=CC(=C(C=C1)OC2=C(C=CC(=C2)[N+](=O)[O-])Br)Cl)O
103038497,C1=CC(=CC=C1/C=C/C(=O)O)OCC2=CC(=C(C=C2)F)Cl
103052762,CCCNC(CC1=C(C=CC(=C1)Cl)F)COC(C)(C)C
103055172,CCOC(=O)C(CC1=CN=C(C=N1)Cl)C#N
103062316,C1CSCC1NC2=C(C=C(C=C2)N)F
103080904,CN(C)CCOCCNS(=O)(=O)C1=CC=CC(=C1C#N)F
103081276,C1CCN(CC1)C2=CC=C(C=C2)CNCCOCC(F)F
103081361,C1=CC(=C(C=C1Cl)[N+](=O)[O-])NCCOCC(F)F
103081362,C1=CC(=C(C=C1NCCOCC(F)F)C(F)(F)F)C#N
103081884,C(COCC(F)F)NS(=O)(=O)CBr
103085017,CC(C)CNC(C)C1=NN=NN1C2=CC(=C(C=C2Cl)Cl)Cl
103086257,CCNC(C)C1=NN=NN1C(C)C2CCCC2
103086685,CC1=C(C(=CC=C1)N2C(=NN=N2)C(C)NCCOC)Br
103086686,CCCNC(C)C1=NN=NN1C2=CC=CC(=C2Br)C
103325225,CCNC1=NC(=C2C=CSC2=N1)N(C)C3CCOCC3
104369359,C1C(C2=CC=CC=C2O1)N3C(=O)C(=C(NC3=O)Cl)F
104474778,CC1CCC(CC1)CNC(=O)C(C)C(C)N
104479094,CCC1CCN(C1)CC2=CC(=CC(=C2)F)N
104479097,CCC1CCN(C1)CC(=O)NC2=CC(=C(C=C2)Cl)N
104517618,CC(C(=O)NC1=C(C=CC(=C1)C(=O)O)OC)S(=O)(=O)C
104630253,CCC(CO)(CO)NC(=O)C1=CC(=NC=C1)Br
104659568,CCCOC1=CC=CC=C1C(CCCOC)O
104659569,CCCOC1=CC=CC=C1C(CSCC)O
105001396,CCC1=NN(C(=C1Cl)CC(C2CCC(O2)C)NCC)CC
105251896,CC1=CSC=C1C(CC2=NC=NN2C(C)C)NN
105273759,CCOC(C(C1=NC=CN1C)NN)C(C)(C)C
105277135,CC1CCC(CC1)(C(C2=CC=C(S2)Cl)NN)OC
105281007,CCCN1C(=NC=N1)CC(C2=C(C=C(C=C2)Br)F)NN
105310993,CC1=CC(=CC(=C1)Cl)C(CC2CC2)NN
105311167,CC1=CC(=CC=C1)CCC(CC2CC2)NN
105327147,CC1=C(C=CC=C1Br)C(CC2=C(C(=CC=C2)F)Br)NN
105328940,C1CC(OC1)CCC(CCCC(F)(F)F)NN
105353894,CC(C)C(C(=O)O)SCC(=O)NC1=CC=C(C=C1)Br
105353980,CCC(C(=O)N)SC(C(C)C)C(=O)O
105359596,CC(C1=NN(C=N1)CC(=O)NC2=CC(=CC=C2)F)N
105360237,CCOC(=O)C1C(CC(=O)N1)(C)C2=C(C=C(C=C2)Cl)Cl
105361912,CCCNCC1CCCCN1S(=O)(=O)C2CCCC2
105361917,COCCNCC1CCCCN1S(=O)(=O)C2CCCC2
105362070,CCC1=C(N=NC(=N1)NC2=CC(=C(C=C2)C(=O)O)Cl)CC
105362420,CCC1=C(N=NC(=N1)NC(C)C(=O)OC)CC
105381226,CC1CC2=CC=CC=C2N(C1)C(=O)C3=C(C(=NC=C3)F)F
105462337,CC(C)N1CCC(C1)N2C(=CC=N2)CN
105464096,C1CSCCC2=NC(=NC=C21)C(=O)O
105479141,C1CS(=O)(=O)CCC1(CC(=O)O)CO
105487068,CC(C)C1=C2C=CC=C(C2=NN1C)C3(CC3)N
105487301,CC1=CC=C(C=C1)C2(C[C@H]2CN)C3CCCC3
105488383,C1CCC(CC1)C2=NOC3=C(C=CC=C23)CN
105488547,C1CSCCC12CN(C(=O)O2)CCCN
105493381,CCOC1=NC(=NC2=C1CCNC2)C3CCC3
106102852,CCCOCCC(=O)NCC1(CCOC1)O
106323497,CCCCC(CC)(CNCC)C[Si](C)(C)C
106326970,CC(C)C1CNC2(CCCC2)CN1CCN3CCSCC3
106328144,CCC(C)(CC)NC1=C(C=C(C=C1)C(=O)NCC)N
106328526,CCC(C)(CC)NCC1CSC2=CC=CC=C12
106331630,CCC(C)(CC)NS(=O)(=O)C1=CC(=CC(=C1Cl)CO)Cl
106398970,COC1=CC(=C(C=C1)C#N)NCCC2=NOC=N2
106433082,CC1C(=O)NC2(CCCC2)C(=O)N1CCSCC#C
106433091,CC(C)C1C(=O)NC(C(=O)N1CCSCC#C)C2CC2
106433101,CCCNC1=CN=C(C=C1)C(=O)NCCSC(F)(F)F
106433117,CC1=CC(=C(C=N1)C(=O)NCCSC(F)(F)F)NC
106433119,CCNC1=NC(=CC(=C1)C(=O)NCCSC(F)(F)F)C
106435110,COC1=CC=C(C=C1)CCNCC(C2=CSC=C2)O
106437075,C/C(=C\Cl)/COC1=C(C(=CC=C1)Cl)CNCCOC
106440191,C/C(=C/Cl)/CN1C=CC2=C1C=CC(=C2)Br
106442177,CC(C)([C@@H](C(=O)O)N)SCCOC1=CC=CC=C1F
106445540,CCCNC(C1CSCCN1C)C2=C(C=CN=C2N)C
106452749,CCCOCCN(CCC#N)C1CC1
106453361,CCCOCCSC(C)CN
106477186,CC1=CC=CC=C1CC2=NC(=S)C3=C(N2)CCCC3
106850789,C1C(=O)NC2=C(O1)C=C(C(=C2)NC(=O)C3=C(OC=C3)Br)N
106850791,CC1=CC(=CC(=C1NC(=O)C2=C(OC=C2)Br)N)Br
106918182,CC1=CC(=C(N=C1)N(C)CC(C)CNC)Br
106918313,CC(CN(C)CC1=CC=C(S1)C(=O)NN)C(=O)NC
106918366,CNC(=O)CCN(C)C1CCNCC2=CC=CC=C12
106918430,CCNC1=NC2=C(C(=N1)N(C)CCC(=O)NC)NC=N2
106918456,CCNC1=NC(=CC(=N1)N(C)CCC(=O)NC)C(F)(F)F
106918462,CC1=C(N=C(N=C1N(C)CCC(=O)NC)C)N
106918558,CNC(=O)CCN(C)C1=NC(=NC(=C1)C(F)(F)F)N
106918584,CC1=C(N=CN=C1N(C)CC(C)C(=O)NC)N
106918638,CCNC1=C(C(=CC=C1)N(C)CC(C)C(=O)NC)[N+](=O)[O-]
106918670,CC(CN(C)C1=NC(=NC2=CC=CC=C21)NC)C(=O)NC
109794842,CCCNC(=O)C1=CC=CC(=C1)CNC(=NC)NCC2(CCCC2)CC
109800339,CN=C(NCC1=C(C=C(C=C1)F)C(F)(F)F)NC2CCN(C2)C(=O)C3CCCCC3.I
109810131,CC1(CC(C2=CC=CC=C2O1)NC(=NC)NCCN3C(=O)C4=CC=CC=C4C3=O)C.I
109811221,CCNC(=NCC1C(OC(N1C(=O)OC(C)(C)C)(C)C)C)NCCS(=O)(=O)C
109812414,CN=C(NCC1=NC=CN1CCC2=CC=CC=C2)NCC3(CCOC3)CCO.I
109815559,CCNC(=NCC1=CC(=CC=C1)COCC2=CC=CC=C2)NCC3(CCOC3)CCO
109818231,CCC(=O)N1CCC(C1)NC(=NC)NCCC2=CC=C(C=C2)OCC#C
109825285,CC(CNC(=NC)NC1CCN(C1)C(=O)C2CCCC2)C3=CC=CC=C3OC.I
109831414,CCNC(=NCC(C)N1CCOCC1)NC(C)CCS(=O)(=O)C
109831761,CC(CCS(=O)(=O)C)NC(=NC)NCC(C)(C)CCCC1=CC=CC=C1.I
109831783,CC(CCS(=O)(=O)C)NC(=NC)NCC1(CC1)C2=CC=CC=C2F
109846180,CC(C)C1=CSC(=N1)CNC(=NC)NCCC2=NN=C3N2CCCCC3
109853053,CC1=NN=C(N1C)CN=C(NCC(C)OC2=CC=C(C=C2)Cl)NC3CCCC3
109854489,CCCCNC(=NCC1=NN=C(N1C)C)NC2CCN(CC2)CCOC
109865528,C1CC(CN(C1)C(=O)C2=C(SC3=C2CCC3)N4C=CC=C4)O
109869929,CCC(CCNC(=O)C1=CC2=C(C=C1)N(C(=O)CC2)C)O
109871419,CC1=C(C(=O)OC2=CC=CC=C12)C(=O)NC3CCCCCC3CO
109887712,C/C(=C/C(=O)NC(CCO)C1=CC=CC=C1)/C(C)(C)C
109898619,CCC1(CCN(CC1)C(=O)NC2=CC3=C(C=C2)OC(=N3)N(C)C)CO
109912092,CC(C)C1=CC=CC(=N1)COC2=CC=CC=C2CO
109924495,CC1=CC=CN2C1=NC(=C2)CCNC(=O)N(C)CCO
109930048,CN1C=NC(=N1)CNC(=O)NCC2(CCC3=CC=CC=C32)O
109940864,CC1=CC(=CC=C1)OCCN=C(N)NC2CCCCCC2.I
109941444,C1CCCC(CC1)NC(=NCC2=CC=C(C=C2)CN3C=CN=C3)N
109966051,CC1=CC=CC=C1C(C2CC2)NCC(C)CCO
110028615,CC(C)C(CNC(C)C1=C(C=C(C=C1)C#N)F)O
110096344,CC1=NC=CC(=N1)CN2CCCC(C2)C3=NC=CN=C3
110107393,CC1=C(C2=C(O1)CCCC2)C(=O)N3CCN(CC(C3)C(=O)N)C
110113978,C1COC(CN1CC2=C3C=CNC3=CC=C2)CCC4=CC(=NC=C4)N
110163178,CC1=CC(=C2C(=C1)NC(=N2)CCC(=O)N3CC[C@@]([C@@H](C3)N4C=CC(=O)NC4=O)(C)O)C
110178705,C1=CC=C(C=C1)CNC2=NC=C(C=C2)NC(=O)C3=CC=C(C=C3)N
110182969,CCCCCCCCCCC(CSCCSCC(CCCCCCCCCC)O)O
110324367,CC1=C2C(=CC=C1)C=C(C(=O)N2)CNC(=O)C(C)(C)C
110465263,COC1=CC=CC=C1C2(CCCC2)C(=O)NCCCN
110482134,CN1C=C(N=N1)C(=O)NC2=CC=CC(=C2)CN
111001318,CC(C)C(C)NC(=NC)NCC1=CC=CC=C1.I
111020241,CCNC(=NCC1=C(C=C(C=C1)Cl)Cl)NCC2=NN=C3N2CCC3
111163584,CCOC(=O)N1CCN(CC1)C(=NC)NCCCCOC2=CC=C(C=C2)C.I
111167602,CCNC(=NCCCCN1C(=CC=CC1=O)C)N2CCN(CC2)C(=O)C3=CC=CO3.I
111228026,CCCNC(=NC)NCCN1CCN(CC1)CC.I
111234049,CCNC(=NCC1=NN=CN1CC)N2CCN(CC2)C3=CC=CC(=C3)C(F)(F)F
111235728,CC(COC)NC(=NC)NCCOC1=CC=CC=C1.I
111238823,CCCCOCCCNC(=NCC1CCN(C1)CC(F)(F)F)NCC
111254352,CCN(CCNC(=NC)N1CCC(CC1)C(=O)OC)C2=CC=CC=C2C.I
111304743,CN=C(NCCCN1C=NC2=CC=CC=C21)NCC(C3=CC=CO3)N4CCCCC4
111499245,CCCCNC(=NC)NCC1=CC=CC=C1OC(C)(C)C
111501341,CCNC(=NCC(C1=CC(=CC=C1)Cl)OC)N(C)CC2=CN(N=C2)C
111505907,CC(CCO)CNC(=O)NC(C1CCC1)C2=CC=C(C=C2)Cl
111519069,CCC1=NN=CN1CCNC(=NC)NC(C)C2=CC3=C(O2)C(=CC=C3)OCC
111531537,CCC1=CN=C(S1)CCNC(=NC)NCC2=C(N=CC=C2)N3CCOCC3
111556711,CN=C(NCC1=CC=CC=C1OCC=C)NCC(C2=CC(=CC=C2)F)N3CCOCC3.I
111593706,CC(C)(C)C1=CN=C(O1)CNC(=NC)NCC(=O)N2CCN(CC2)C3=CC=CC=C3
111597571,CN(C)C(CN=C(N)NC1CCOC2=CC=CC=C12)C3=CC=C(C=C3)OC.I
111597697,C1COC2=CC=CC=C2C1NC(=NCCC3=CC(=CC=C3)Cl)N.I
111672461,CCNC(=NCC1=C(N=CC=C1)OC2=CC(=CC=C2)F)NCC(C)(C3=CC=CO3)O.I
111707110,CCNC(=NCC1=NC=NN1C)NCCCC2=CN(N=C2)C.I
111722286,CC1(CCCCC1O)CNC(=O)NCCC2=CC(=CC=C2)OC
111947681,CCNC(=NCC1CN(CCO1)C)NCCCC2CCCCC2
111949646,CN=C(NCC1CC2=CC=CC=C2O1)NCC3=C(N=CC=C3)OCC4=CC=CC=C4.I
111979316,CCNC(=NCC1CCN(CC1)S(=O)(=O)C(F)(F)F)NC2CCC(CC2)O.I
113559279,COC1(CCCCC1)C2=NOC(=N2)CNCC=C
115951529,CN(C)CC1=CC=C(C=C1)NCC2=C(C(=CC=C2)F)O
116004692,CCNCC1=CSC(=N1)OCC
116065945,CC1=C(C=C(C=C1)OC2=CN=CC(=C2)CC(C)N)C
116126651,CCOC(C)CNCC(=C)C1=CC=CC=C1
116129616,CC(CCSC)N1CCCCC1=N
116129617,CC1=CC(=CC(=C1C)[N+](=O)[O-])S(=O)(=O)NC(C)CC#C
116129629,CC(CCSC)NC(=O)NC(=O)/C=C/C(=O)O
116129632,CC(CCSC)NC(=O)NC(=O)CCCC(=O)O
116129665,CCC(CC#C)N1C(=O)CCCCC1=O
116129672,CCOC(C)CNS(=O)(=O)N1CCNCC1
116129682,CCC(CC#C)N1C(=O)C2C(C1=O)C2(C)C
116129690,CCC(CC#C)N1C(=O)C2CC2C1=O
116129701,CCOC(C)CNC1=C(C(=NN1C)C(C)C)[N+](=O)[O-]
116129703,CCOC(C)CNC1=CC2=NNC(=O)N2C(=N1)C
116129704,CC(CC#C)N1C(=O)CC(CC1=O)(C)C
116130199,CCC(CC#C)NC1=C(C=C(C=C1)C(=O)NCC)[N+](=O)[O-]
116130295,CC(CC#C)NC1=C(C(=CC(=C1)F)F)[N+](=O)[O-]
116130957,CCOC(C)CN1C2=CC(=C(C=C2N=C1CCl)Cl)F
116131215,CCOC(C)CNC(=O)NC1=CC(=C(C=C1)C(=O)O)C
116131310,CCOC(C)CNC(=O)NC(C1=CN(N=C1)C)C(=O)O
116132265,CCOC(C)CNC(=O)C1=C(C=C(C=C1)S(=O)(=O)N)C
116132283,CCC(CC#C)NS(=O)(=O)C1=CNC(=O)C(=C1)Cl
116132344,CC(CC#C)NC(=O)C1=CC=C(C=C1)C(=O)O
116132418,CCOC(C)CNC(=O)C1=C(C=C(C=C1)C)C#CCO
116132438,CCOC(C)CNC(=O)C1=CC=C(S1)C#CCCO
116132441,CCOC(C)CNC(=O)C1=C(C=C(C=C1)F)C#CCO
116132446,CCOC(C)CNC(=O)C1=C(C=CC(=C1)C)C#CCO
116134956,CCOC(C)CNC1=C(C(=NC=N1)NN)OC
116136245,C1CC(C1)CCNC2CCCC3=C2C=C(S3)I
116137271,CC(C#N)NCCC1CCC1
116139342,C1CC(C1)CCNS(=O)(=O)C2=CC3=C(C=C2)NCCC3
116139605,CC(C)(CN1C2=CC(=C(C=C2N=C1N)Cl)F)SC
116156130,CCCCOCCCNC(=O)NC1CCCC(C1)C(=O)O
116158207,C1CC1C(=O)NCCN2C3=CC(=C(C=C3NC2=S)Cl)F
116158473,C1CC1C(=O)NCCNC(=O)N2CCOCC2CC(=O)O
116213095,CCC1(CCC1)NS(=O)(=O)C2=C(C=C(C=C2)C)N
116220172,CC(C)CC(CNC(=O)NCC1CSCCS1)C(=O)O
117754772,C1COCCN1C2=CC=C(C=C2)C(=O)C[C@@H]3CC=CC=C3
119371515,COCC1=C(SC2=CC=CC(=C21)F)C(=O)N3CCC[C@@H]3C(=O)O
123668479,CCC1(C2=CC3=C(C=C2C4=CC=CC=[N+]4C1(CC)CC)C5CCC3CC5)C
123689036,C[C@H](CCC[C@@H](C=C[C@H]1[C@@H](C[C@H]([C@@H]1CCCC2=CC=C(S2)C(=O)O)Cl)OC3CCCCO3)O)O[Si](C)(C)C(C)(C)C
123690938,CC(C1(CCCCO1)[SiH3])O
124776445,COC1=CC=C(C=C1)[C@H]2[C@@H]3[C@H]4CC[C@@H](C4)[C@H]3SC5=C2SC(=S)N5
124812758,C1[C@@H]2[C@@H]3C[C@@H]([C@@H]4[C@@H]3[C@@H]5[C@@H]2[C@@H]([C@@H]1O)[C@H]6[C@H]5[C@H]4[C@H](C6)O)O
124822371,CC(C)C(=O)NCC[C@H]1CN(CC2=CC=NN12)CC3=C4C=CNC4=CC=C3
124826799,CCOCC(=O)N1CCC[C@]2(C1)C[C@H](CO2)OCC3=CC=NC=C3
124838347,C1C[C@@H]2[C@@H](N(N=C2/C(=C\C3=CC=C(C=C3)Cl)/C1)C(=O)CN4[C@H]5[C@H](C(=O)N(C5=O)C6=CC=CC=C6)N=N4)C7=CC=C(C=C7)Cl
124846132,CC1=NN(C(=C1Cl)C(=O)N/N=C\C2=CC=C(S2)F)C
124950485,CN1C=CC(=N1)C(=O)N2CCOC[C@H]2C3=CC=NN3
124965990,COC1=CC=C(C=C1)CCC2=NC(=NC=C2C(=O)O)N3CCC[C@H]3C4=C(C=C(C=C4)OC)OC
125074470,CS(=O)(=O)N(CCCC(=O)N(CC1=C(C=C(C=C1)Cl)Cl)[C@H](CC2=CC=CC=C2)C(=O)NC3CCCCC3)C4=CC(=CC=C4)Cl
125074886,CC[C@H](C)NC(=O)[C@H](C)N(CC1=C(C=CC=C1Cl)Cl)C(=O)CN(C2=CC=C(C=C2)OC3=CC=CC=C3)S(=O)(=O)C4=CC=C(C=C4)C
125077405,C[C@H](C1=CC2=C(CCC2)C=C1)NC(=O)CN(C3=CC=CC=C3OC)S(=O)(=O)C4=CC=C(C=C4)OC
125077993,C[C@@H]1C[C@@H](CN(C1)C2=C(C=C(C=C2)N3[C@H]([C@H](NC3=S)C4=CC=CC=N4)C5=CC=CN5C6=NC=C(C=C6)Cl)Cl)C
125094462,CC[C@H](C)NC(=O)[C@H](CC1=CC=CC=C1)N(CC2=C(C=CC=C2Cl)Cl)C(=O)CN(C3=C(C=C(C=C3)OC)OC)S(=O)(=O)C
125102847,CC1=CC=C(C=C1)N(CC(=O)N(CC2=C(C=C(C=C2)Cl)Cl)[C@H](CC3=CC=CC=C3)C(=O)NC4CCCC4)S(=O)(=O)C5=CC=C(C=C5)F
125880656,CC1=CC=C(C=C1)NC(=O)COC2=CC=C(C=C2)/C=N\NC(=O)CN(C3=CC(=CC=C3)Br)S(=O)(=O)C
125880664,CCC1=CC=CC=C1N(CC(=O)N/N=C\C2=CC(=C(C(=C2)Br)OCC3=CC=CC=C3)OC)S(=O)(=O)C4=CC=CC=C4
126275995,COC1=C(C=CC(=C1)/C=C/2\C(=O)N(C(=O)S2)CC(=O)NC3=C(C=C(C=C3)F)F)OC4=C(C=C(C=C4)[N+](=O)[O-])[N+](=O)[O-]
140468184,CNCC1=C(C2CCC1C2)C3=CC4=C(C=C3)SC=C4C#N.Cl
144134877,CC1=CC=C(C=C1)C(=NC=N)N
144146714,CC1=C(C=CC(=C1)C2=C(C=C(C=C2)Cl)Cl)C3CC3.CC1(C(=O)C2(CO2)C(O1)(C)C)C
144201342,C/C=C\C(=C(\C)/C=C/COC)\O
144462760,CCCCN1C(=C(C=C1C2=CC=CC=C2)C(=O)NC3=CC=CC(=C3)C(F)(F)F)C
144564722,COC1=CC2=C(CC3C45C2(CCN3CCN6CCCC6)C7[C@H](C4)C(=O)N(C7CC5)CC8=CC=CC=C8)C=C1
146181941,C1CC(=C(C=C1)C2=C3C(=CCC2)C4=CC=CC=C4N3C5=CC=CC=C5)C6=CC7C(C=C6)C8=CC=CC=C8N7C9=CC=C(CC9)C#N
146216142,CC(C)CN1C2=NC(=NC=C2COC1=O)NC(C)C3=CC=C(C=C3)COC4CN(C4)C(=O)O
153477714,[2H]C1=C(C(=C(C(=C1[2H])[2H])C2=CC(=NC=C2)C3=CC(=CC(=C3)C4=C5C(=CC=C4)N(C(=N5)C6=CC(=CC(=C6O)C)C)C7=C(C=C(C=C7)C([2H])(C)C)C8=CC=C(C=C8)C(C)(C)C)C(C)(C)C)[2H])[2H]
153627505,CC(C)(C)OC(=O)N1CCN(CC1)CC(=O)N2CCC(CC2)C=O
154677977,CC(C)C(=O)NCC(C)(C)OCCC(C)(C)C(=O)N
154681041,CS(=O)(=O)C1=CC=C(C=C1)NC2=NC(=CN=C2C(=O)N)N3CCC[C@H](C3)NC(=O)C4CC5CCC(C4)N5CC6CCN(CC6)C7=CC8=C(C=C7)C(=O)N(C8=O)C9CCC(=O)NC9=O
154682541,CCOCC1=NC2=C(N1CCCCNC(=O)C3=CC(=CC=C3)N)C4=C(C=CC=N4)N=C2N
154687131,CC(C)C1(CC(=C(C1)C=C)C=C)CO
156603655,CC1=NC=CN=C1CN2CC(C(C2)NS(=O)(=O)C)C(C)C
156842239,CCNCCOCNCC=O
170683024,C1CN(C2=CC=NN2C1)C(=O)C3=NC=C(N=C3N)N4CCC5(CC4)CC6=CC=CC=C6C5N
170695640,CN1CCN(CC1)CCNC(=O)C2=C(NC(=C2)C3=CC=C(C=C3)[N+](=O)[O-])C4=CC=CC=C4[N+](=O)[O-]
171306834,C1CN(CCN1)[C@H](CC#N)C2=C(C=CC(=C2)[N+](=O)[O-])F.Cl.Cl
